--
-- PostgreSQL database dump
--

-- Dumped from database version 16.2
-- Dumped by pg_dump version 16.2

-- Started on 2024-06-11 02:19:10 +07

SET statement_timeout = 0;
SET lock_timeout = 0;
SET idle_in_transaction_session_timeout = 0;
SET client_encoding = 'UTF8';
SET standard_conforming_strings = on;
SELECT pg_catalog.set_config('search_path', '', false);
SET check_function_bodies = false;
SET xmloption = content;
SET client_min_messages = warning;
SET row_security = off;

SET default_tablespace = '';

SET default_table_access_method = heap;

--
-- TOC entry 218 (class 1259 OID 16562)
-- Name: album; Type: TABLE; Schema: public; Owner: postgres
--

CREATE TABLE public.album (
    id integer NOT NULL,
    name text NOT NULL,
    release_date timestamp(6) without time zone NOT NULL,
    image_filename text
);


ALTER TABLE public.album OWNER TO postgres;

--
-- TOC entry 221 (class 1259 OID 16583)
-- Name: album_artist; Type: TABLE; Schema: public; Owner: postgres
--

CREATE TABLE public.album_artist (
    album_id integer NOT NULL,
    artist_id integer NOT NULL,
    artist_status_id integer NOT NULL
);


ALTER TABLE public.album_artist OWNER TO postgres;

--
-- TOC entry 243 (class 1259 OID 17970)
-- Name: album_id_seq; Type: SEQUENCE; Schema: public; Owner: postgres
--

ALTER TABLE public.album ALTER COLUMN id ADD GENERATED BY DEFAULT AS IDENTITY (
    SEQUENCE NAME public.album_id_seq
    START WITH 0
    INCREMENT BY 1
    MINVALUE 0
    NO MAXVALUE
    CACHE 1
    CYCLE
);


--
-- TOC entry 222 (class 1259 OID 16603)
-- Name: album_track; Type: TABLE; Schema: public; Owner: postgres
--

CREATE TABLE public.album_track (
    album_id integer NOT NULL,
    track_id integer NOT NULL,
    track_number_in_album integer NOT NULL
);


ALTER TABLE public.album_track OWNER TO postgres;

--
-- TOC entry 219 (class 1259 OID 16569)
-- Name: artist; Type: TABLE; Schema: public; Owner: postgres
--

CREATE TABLE public.artist (
    id integer NOT NULL,
    name text NOT NULL,
    image_filename text
);


ALTER TABLE public.artist OWNER TO postgres;

--
-- TOC entry 244 (class 1259 OID 17971)
-- Name: artist_id_seq; Type: SEQUENCE; Schema: public; Owner: postgres
--

ALTER TABLE public.artist ALTER COLUMN id ADD GENERATED BY DEFAULT AS IDENTITY (
    SEQUENCE NAME public.artist_id_seq
    START WITH 0
    INCREMENT BY 1
    MINVALUE 0
    NO MAXVALUE
    CACHE 1
    CYCLE
);


--
-- TOC entry 220 (class 1259 OID 16576)
-- Name: artist_status; Type: TABLE; Schema: public; Owner: postgres
--

CREATE TABLE public.artist_status (
    id integer NOT NULL,
    name text NOT NULL
);


ALTER TABLE public.artist_status OWNER TO postgres;

--
-- TOC entry 245 (class 1259 OID 17974)
-- Name: artist_status_id_seq; Type: SEQUENCE; Schema: public; Owner: postgres
--

ALTER TABLE public.artist_status ALTER COLUMN id ADD GENERATED BY DEFAULT AS IDENTITY (
    SEQUENCE NAME public.artist_status_id_seq
    START WITH 0
    INCREMENT BY 1
    MINVALUE 0
    NO MAXVALUE
    CACHE 1
    CYCLE
);


--
-- TOC entry 223 (class 1259 OID 16618)
-- Name: artist_track; Type: TABLE; Schema: public; Owner: postgres
--

CREATE TABLE public.artist_track (
    artist_id integer NOT NULL,
    track_id integer NOT NULL,
    artist_status_id integer NOT NULL
);


ALTER TABLE public.artist_track OWNER TO postgres;

--
-- TOC entry 215 (class 1259 OID 16531)
-- Name: genre; Type: TABLE; Schema: public; Owner: postgres
--

CREATE TABLE public.genre (
    id integer NOT NULL,
    name text NOT NULL
);


ALTER TABLE public.genre OWNER TO postgres;

--
-- TOC entry 246 (class 1259 OID 17975)
-- Name: genre_id_seq; Type: SEQUENCE; Schema: public; Owner: postgres
--

ALTER TABLE public.genre ALTER COLUMN id ADD GENERATED BY DEFAULT AS IDENTITY (
    SEQUENCE NAME public.genre_id_seq
    START WITH 0
    INCREMENT BY 1
    MINVALUE 0
    NO MAXVALUE
    CACHE 1
    CYCLE
);


--
-- TOC entry 216 (class 1259 OID 16538)
-- Name: license; Type: TABLE; Schema: public; Owner: postgres
--

CREATE TABLE public.license (
    id integer NOT NULL,
    name text NOT NULL
);


ALTER TABLE public.license OWNER TO postgres;

--
-- TOC entry 247 (class 1259 OID 17976)
-- Name: license_id_seq; Type: SEQUENCE; Schema: public; Owner: postgres
--

ALTER TABLE public.license ALTER COLUMN id ADD GENERATED BY DEFAULT AS IDENTITY (
    SEQUENCE NAME public.license_id_seq
    START WITH 0
    INCREMENT BY 1
    MINVALUE 0
    NO MAXVALUE
    CACHE 1
    CYCLE
);


--
-- TOC entry 224 (class 1259 OID 16638)
-- Name: playlist; Type: TABLE; Schema: public; Owner: postgres
--

CREATE TABLE public.playlist (
    id integer NOT NULL,
    name text,
    creation_date timestamp(6) without time zone NOT NULL,
    last_update_date timestamp(6) without time zone NOT NULL
);


ALTER TABLE public.playlist OWNER TO postgres;

--
-- TOC entry 248 (class 1259 OID 17977)
-- Name: playlist_id_seq; Type: SEQUENCE; Schema: public; Owner: postgres
--

ALTER TABLE public.playlist ALTER COLUMN id ADD GENERATED BY DEFAULT AS IDENTITY (
    SEQUENCE NAME public.playlist_id_seq
    START WITH 0
    INCREMENT BY 1
    MINVALUE 0
    NO MAXVALUE
    CACHE 1
    CYCLE
);


--
-- TOC entry 225 (class 1259 OID 16645)
-- Name: playlist_track; Type: TABLE; Schema: public; Owner: postgres
--

CREATE TABLE public.playlist_track (
    playlist_id integer NOT NULL,
    track_id integer NOT NULL,
    track_number_in_playlist integer NOT NULL
);


ALTER TABLE public.playlist_track OWNER TO postgres;

--
-- TOC entry 217 (class 1259 OID 16545)
-- Name: track; Type: TABLE; Schema: public; Owner: postgres
--

CREATE TABLE public.track (
    id integer NOT NULL,
    primary_genre_id integer NOT NULL,
    license_id integer NOT NULL,
    name text NOT NULL,
    duration_in_seconds integer NOT NULL,
    release_date timestamp(6) without time zone NOT NULL,
    audio_filename text NOT NULL
);


ALTER TABLE public.track OWNER TO postgres;

--
-- TOC entry 230 (class 1259 OID 16730)
-- Name: track_audio_feature; Type: TABLE; Schema: public; Owner: postgres
--

CREATE TABLE public.track_audio_feature (
    id integer NOT NULL,
    track_id integer NOT NULL,
    track_audio_feature_extraction_type_id integer NOT NULL
);


ALTER TABLE public.track_audio_feature OWNER TO postgres;

--
-- TOC entry 229 (class 1259 OID 16725)
-- Name: track_audio_feature_extraction_type; Type: TABLE; Schema: public; Owner: postgres
--

CREATE TABLE public.track_audio_feature_extraction_type (
    id integer NOT NULL,
    start_delta integer NOT NULL,
    segment_duration integer NOT NULL
);


ALTER TABLE public.track_audio_feature_extraction_type OWNER TO postgres;

--
-- TOC entry 251 (class 1259 OID 17980)
-- Name: track_audio_feature_extraction_type_id_seq; Type: SEQUENCE; Schema: public; Owner: postgres
--

ALTER TABLE public.track_audio_feature_extraction_type ALTER COLUMN id ADD GENERATED BY DEFAULT AS IDENTITY (
    SEQUENCE NAME public.track_audio_feature_extraction_type_id_seq
    START WITH 0
    INCREMENT BY 1
    MINVALUE 0
    NO MAXVALUE
    CACHE 1
    CYCLE
);


--
-- TOC entry 250 (class 1259 OID 17979)
-- Name: track_audio_feature_id_seq; Type: SEQUENCE; Schema: public; Owner: postgres
--

ALTER TABLE public.track_audio_feature ALTER COLUMN id ADD GENERATED BY DEFAULT AS IDENTITY (
    SEQUENCE NAME public.track_audio_feature_id_seq
    START WITH 0
    INCREMENT BY 1
    MINVALUE 0
    NO MAXVALUE
    CACHE 1
    CYCLE
);


--
-- TOC entry 249 (class 1259 OID 17978)
-- Name: track_id_seq; Type: SEQUENCE; Schema: public; Owner: postgres
--

ALTER TABLE public.track ALTER COLUMN id ADD GENERATED BY DEFAULT AS IDENTITY (
    SEQUENCE NAME public.track_id_seq
    START WITH 0
    INCREMENT BY 1
    MINVALUE 0
    NO MAXVALUE
    CACHE 1
    CYCLE
);


--
-- TOC entry 231 (class 1259 OID 16745)
-- Name: track_segment_audio_feature; Type: TABLE; Schema: public; Owner: postgres
--

CREATE TABLE public.track_segment_audio_feature (
    id integer NOT NULL,
    track_audio_feature_id integer NOT NULL,
    segment_number integer NOT NULL,
    data double precision[] NOT NULL
);


ALTER TABLE public.track_segment_audio_feature OWNER TO postgres;

--
-- TOC entry 252 (class 1259 OID 17981)
-- Name: track_segment_audio_feature_id_seq; Type: SEQUENCE; Schema: public; Owner: postgres
--

ALTER TABLE public.track_segment_audio_feature ALTER COLUMN id ADD GENERATED BY DEFAULT AS IDENTITY (
    SEQUENCE NAME public.track_segment_audio_feature_id_seq
    START WITH 0
    INCREMENT BY 1
    MINVALUE 0
    NO MAXVALUE
    CACHE 1
    CYCLE
);


--
-- TOC entry 235 (class 1259 OID 17755)
-- Name: user_album; Type: TABLE; Schema: public; Owner: postgres
--

CREATE TABLE public.user_album (
    user_id integer NOT NULL,
    album_id integer NOT NULL,
    album_number_in_user_list integer NOT NULL,
    added_date timestamp(6) without time zone NOT NULL
);


ALTER TABLE public.user_album OWNER TO postgres;

--
-- TOC entry 239 (class 1259 OID 17842)
-- Name: user_album_rating; Type: TABLE; Schema: public; Owner: postgres
--

CREATE TABLE public.user_album_rating (
    user_id integer NOT NULL,
    album_id integer NOT NULL,
    user_rating_id integer DEFAULT 0 NOT NULL
);


ALTER TABLE public.user_album_rating OWNER TO postgres;

--
-- TOC entry 236 (class 1259 OID 17776)
-- Name: user_artist; Type: TABLE; Schema: public; Owner: postgres
--

CREATE TABLE public.user_artist (
    user_id integer NOT NULL,
    artist_id integer NOT NULL,
    artist_number_in_user_list integer NOT NULL,
    added_date timestamp(6) without time zone NOT NULL
);


ALTER TABLE public.user_artist OWNER TO postgres;

--
-- TOC entry 240 (class 1259 OID 17863)
-- Name: user_artist_rating; Type: TABLE; Schema: public; Owner: postgres
--

CREATE TABLE public.user_artist_rating (
    user_id integer NOT NULL,
    artist_id integer NOT NULL,
    user_rating_id integer NOT NULL
);


ALTER TABLE public.user_artist_rating OWNER TO postgres;

--
-- TOC entry 226 (class 1259 OID 16660)
-- Name: user_data; Type: TABLE; Schema: public; Owner: postgres
--

CREATE TABLE public.user_data (
    id integer NOT NULL,
    username text NOT NULL,
    email text NOT NULL,
    password text NOT NULL,
    nickname text NOT NULL,
    registration_date timestamp(6) without time zone NOT NULL,
    last_update_date timestamp(6) without time zone NOT NULL
);


ALTER TABLE public.user_data OWNER TO postgres;

--
-- TOC entry 242 (class 1259 OID 17969)
-- Name: user_data_id_seq; Type: SEQUENCE; Schema: public; Owner: postgres
--

ALTER TABLE public.user_data ALTER COLUMN id ADD GENERATED BY DEFAULT AS IDENTITY (
    SEQUENCE NAME public.user_data_id_seq
    START WITH 0
    INCREMENT BY 1
    MINVALUE 0
    NO MAXVALUE
    CACHE 1
    CYCLE
);


--
-- TOC entry 232 (class 1259 OID 16755)
-- Name: user_neural_network_configuration; Type: TABLE; Schema: public; Owner: postgres
--

CREATE TABLE public.user_neural_network_configuration (
    id integer NOT NULL,
    user_id integer NOT NULL,
    track_audio_feature_extraction_type_id integer NOT NULL,
    training_date timestamp(6) without time zone NOT NULL,
    model_config json NOT NULL,
    model_weights bytea NOT NULL
);


ALTER TABLE public.user_neural_network_configuration OWNER TO postgres;

--
-- TOC entry 253 (class 1259 OID 17983)
-- Name: user_neural_network_configuration_id_seq; Type: SEQUENCE; Schema: public; Owner: postgres
--

ALTER TABLE public.user_neural_network_configuration ALTER COLUMN id ADD GENERATED BY DEFAULT AS IDENTITY (
    SEQUENCE NAME public.user_neural_network_configuration_id_seq
    START WITH 0
    INCREMENT BY 1
    MINVALUE 0
    NO MAXVALUE
    CACHE 1
    CYCLE
);


--
-- TOC entry 228 (class 1259 OID 16675)
-- Name: user_playlist; Type: TABLE; Schema: public; Owner: postgres
--

CREATE TABLE public.user_playlist (
    user_id integer NOT NULL,
    playlist_id integer NOT NULL,
    access_level_id integer NOT NULL,
    playlist_number_in_user_list integer NOT NULL,
    added_date timestamp(6) without time zone NOT NULL
);


ALTER TABLE public.user_playlist OWNER TO postgres;

--
-- TOC entry 227 (class 1259 OID 16668)
-- Name: user_playlist_access_level; Type: TABLE; Schema: public; Owner: postgres
--

CREATE TABLE public.user_playlist_access_level (
    id integer NOT NULL,
    name text NOT NULL
);


ALTER TABLE public.user_playlist_access_level OWNER TO postgres;

--
-- TOC entry 254 (class 1259 OID 17984)
-- Name: user_playlist_access_level_id_seq; Type: SEQUENCE; Schema: public; Owner: postgres
--

ALTER TABLE public.user_playlist_access_level ALTER COLUMN id ADD GENERATED BY DEFAULT AS IDENTITY (
    SEQUENCE NAME public.user_playlist_access_level_id_seq
    START WITH 0
    INCREMENT BY 1
    MINVALUE 0
    NO MAXVALUE
    CACHE 1
    CYCLE
);


--
-- TOC entry 241 (class 1259 OID 17883)
-- Name: user_playlist_rating; Type: TABLE; Schema: public; Owner: postgres
--

CREATE TABLE public.user_playlist_rating (
    user_id integer NOT NULL,
    playlist_id integer NOT NULL,
    user_rating_id integer DEFAULT 0 NOT NULL
);


ALTER TABLE public.user_playlist_rating OWNER TO postgres;

--
-- TOC entry 233 (class 1259 OID 17726)
-- Name: user_rating; Type: TABLE; Schema: public; Owner: postgres
--

CREATE TABLE public.user_rating (
    id integer NOT NULL,
    name text NOT NULL
);


ALTER TABLE public.user_rating OWNER TO postgres;

--
-- TOC entry 255 (class 1259 OID 17985)
-- Name: user_rating_id_seq; Type: SEQUENCE; Schema: public; Owner: postgres
--

ALTER TABLE public.user_rating ALTER COLUMN id ADD GENERATED BY DEFAULT AS IDENTITY (
    SEQUENCE NAME public.user_rating_id_seq
    START WITH 0
    INCREMENT BY 1
    MINVALUE 0
    NO MAXVALUE
    CACHE 1
    CYCLE
);


--
-- TOC entry 257 (class 1259 OID 17996)
-- Name: user_recommendation; Type: TABLE; Schema: public; Owner: postgres
--

CREATE TABLE public.user_recommendation (
    id integer NOT NULL,
    user_id integer NOT NULL,
    user_neural_network_configuration_id integer NOT NULL,
    user_rating_id integer DEFAULT 0 NOT NULL,
    familiarity_percentage double precision NOT NULL,
    creation_date timestamp(6) without time zone NOT NULL
);


ALTER TABLE public.user_recommendation OWNER TO postgres;

--
-- TOC entry 259 (class 1259 OID 18033)
-- Name: user_recommendation_genre; Type: TABLE; Schema: public; Owner: postgres
--

CREATE TABLE public.user_recommendation_genre (
    user_recommendation_id integer NOT NULL,
    genre_id integer NOT NULL
);


ALTER TABLE public.user_recommendation_genre OWNER TO postgres;

--
-- TOC entry 256 (class 1259 OID 17995)
-- Name: user_recommendation_id_seq; Type: SEQUENCE; Schema: public; Owner: postgres
--

ALTER TABLE public.user_recommendation ALTER COLUMN id ADD GENERATED BY DEFAULT AS IDENTITY (
    SEQUENCE NAME public.user_recommendation_id_seq
    START WITH 0
    INCREMENT BY 1
    MINVALUE 0
    NO MAXVALUE
    CACHE 1
    CYCLE
);


--
-- TOC entry 258 (class 1259 OID 18017)
-- Name: user_recommendation_track; Type: TABLE; Schema: public; Owner: postgres
--

CREATE TABLE public.user_recommendation_track (
    user_recommendation_id integer NOT NULL,
    track_id integer NOT NULL,
    track_number_in_recommendation integer NOT NULL
);


ALTER TABLE public.user_recommendation_track OWNER TO postgres;

--
-- TOC entry 234 (class 1259 OID 17734)
-- Name: user_track; Type: TABLE; Schema: public; Owner: postgres
--

CREATE TABLE public.user_track (
    user_id integer NOT NULL,
    track_id integer NOT NULL,
    track_number_in_user_list integer NOT NULL,
    added_date timestamp(6) without time zone NOT NULL
);


ALTER TABLE public.user_track OWNER TO postgres;

--
-- TOC entry 237 (class 1259 OID 17797)
-- Name: user_track_history; Type: TABLE; Schema: public; Owner: postgres
--

CREATE TABLE public.user_track_history (
    user_id integer NOT NULL,
    track_id integer NOT NULL,
    listen_date timestamp(6) without time zone NOT NULL
);


ALTER TABLE public.user_track_history OWNER TO postgres;

--
-- TOC entry 238 (class 1259 OID 17816)
-- Name: user_track_rating; Type: TABLE; Schema: public; Owner: postgres
--

CREATE TABLE public.user_track_rating (
    user_id integer NOT NULL,
    track_id integer NOT NULL,
    user_rating_id integer DEFAULT 0 NOT NULL
);


ALTER TABLE public.user_track_rating OWNER TO postgres;

--
-- TOC entry 3804 (class 0 OID 16562)
-- Dependencies: 218
-- Data for Name: album; Type: TABLE DATA; Schema: public; Owner: postgres
--

INSERT INTO public.album (id, name, release_date, image_filename) VALUES (0, 'Brave Nu World', '2009-01-13 00:00:00', '0.jpg');
INSERT INTO public.album (id, name, release_date, image_filename) VALUES (5, 'Calling For You/Can I Live/This Is What You Are', '2017-01-19 00:00:00', 'default.jpg');
INSERT INTO public.album (id, name, release_date, image_filename) VALUES (1, 'Giovanni Croce''s Cantato Domino', '2009-04-23 00:00:00', 'default.jpg');
INSERT INTO public.album (id, name, release_date, image_filename) VALUES (2, 'Wild Heart', '2015-02-05 00:00:00', '2.jpg');
INSERT INTO public.album (id, name, release_date, image_filename) VALUES (3, 'Nightwavs', '2014-12-01 00:00:00', '3.jpg');
INSERT INTO public.album (id, name, release_date, image_filename) VALUES (4, 'It Never Happened', '2015-11-27 00:00:00', '4.jpg');
INSERT INTO public.album (id, name, release_date, image_filename) VALUES (6, 'The Only Dream', '2007-01-01 00:00:00', '6.jpg');
INSERT INTO public.album (id, name, release_date, image_filename) VALUES (7, 'Coordinates', '2010-02-23 00:00:00', '7.jpg');
INSERT INTO public.album (id, name, release_date, image_filename) VALUES (8, 'Dead And/Or Famous', '2008-11-26 00:00:00', '8.jpg');
INSERT INTO public.album (id, name, release_date, image_filename) VALUES (9, 'Aware', '2021-01-22 00:00:00', '9.jpg');


--
-- TOC entry 3807 (class 0 OID 16583)
-- Dependencies: 221
-- Data for Name: album_artist; Type: TABLE DATA; Schema: public; Owner: postgres
--

INSERT INTO public.album_artist (album_id, artist_id, artist_status_id) VALUES (5, 5, 0);
INSERT INTO public.album_artist (album_id, artist_id, artist_status_id) VALUES (0, 0, 0);
INSERT INTO public.album_artist (album_id, artist_id, artist_status_id) VALUES (1, 1, 0);
INSERT INTO public.album_artist (album_id, artist_id, artist_status_id) VALUES (2, 2, 0);
INSERT INTO public.album_artist (album_id, artist_id, artist_status_id) VALUES (3, 3, 0);
INSERT INTO public.album_artist (album_id, artist_id, artist_status_id) VALUES (4, 4, 0);
INSERT INTO public.album_artist (album_id, artist_id, artist_status_id) VALUES (6, 6, 0);
INSERT INTO public.album_artist (album_id, artist_id, artist_status_id) VALUES (7, 7, 0);
INSERT INTO public.album_artist (album_id, artist_id, artist_status_id) VALUES (8, 8, 0);
INSERT INTO public.album_artist (album_id, artist_id, artist_status_id) VALUES (9, 9, 0);


--
-- TOC entry 3808 (class 0 OID 16603)
-- Dependencies: 222
-- Data for Name: album_track; Type: TABLE DATA; Schema: public; Owner: postgres
--

INSERT INTO public.album_track (album_id, track_id, track_number_in_album) VALUES (5, 5, 1);
INSERT INTO public.album_track (album_id, track_id, track_number_in_album) VALUES (0, 0, 6);
INSERT INTO public.album_track (album_id, track_id, track_number_in_album) VALUES (1, 1, 1);
INSERT INTO public.album_track (album_id, track_id, track_number_in_album) VALUES (2, 2, 3);
INSERT INTO public.album_track (album_id, track_id, track_number_in_album) VALUES (3, 3, 1);
INSERT INTO public.album_track (album_id, track_id, track_number_in_album) VALUES (4, 4, 2);
INSERT INTO public.album_track (album_id, track_id, track_number_in_album) VALUES (6, 6, 1);
INSERT INTO public.album_track (album_id, track_id, track_number_in_album) VALUES (7, 7, 3);
INSERT INTO public.album_track (album_id, track_id, track_number_in_album) VALUES (8, 8, 10);
INSERT INTO public.album_track (album_id, track_id, track_number_in_album) VALUES (9, 9, 1);
INSERT INTO public.album_track (album_id, track_id, track_number_in_album) VALUES (0, 10, 1);
INSERT INTO public.album_track (album_id, track_id, track_number_in_album) VALUES (0, 11, 2);
INSERT INTO public.album_track (album_id, track_id, track_number_in_album) VALUES (0, 12, 3);
INSERT INTO public.album_track (album_id, track_id, track_number_in_album) VALUES (0, 13, 4);
INSERT INTO public.album_track (album_id, track_id, track_number_in_album) VALUES (0, 14, 5);
INSERT INTO public.album_track (album_id, track_id, track_number_in_album) VALUES (0, 15, 7);
INSERT INTO public.album_track (album_id, track_id, track_number_in_album) VALUES (2, 16, 1);
INSERT INTO public.album_track (album_id, track_id, track_number_in_album) VALUES (2, 17, 2);
INSERT INTO public.album_track (album_id, track_id, track_number_in_album) VALUES (2, 18, 4);
INSERT INTO public.album_track (album_id, track_id, track_number_in_album) VALUES (3, 19, 2);
INSERT INTO public.album_track (album_id, track_id, track_number_in_album) VALUES (3, 20, 3);
INSERT INTO public.album_track (album_id, track_id, track_number_in_album) VALUES (3, 21, 4);
INSERT INTO public.album_track (album_id, track_id, track_number_in_album) VALUES (4, 22, 1);
INSERT INTO public.album_track (album_id, track_id, track_number_in_album) VALUES (4, 23, 3);
INSERT INTO public.album_track (album_id, track_id, track_number_in_album) VALUES (4, 24, 4);
INSERT INTO public.album_track (album_id, track_id, track_number_in_album) VALUES (4, 25, 5);
INSERT INTO public.album_track (album_id, track_id, track_number_in_album) VALUES (4, 26, 6);
INSERT INTO public.album_track (album_id, track_id, track_number_in_album) VALUES (4, 27, 7);
INSERT INTO public.album_track (album_id, track_id, track_number_in_album) VALUES (4, 28, 8);
INSERT INTO public.album_track (album_id, track_id, track_number_in_album) VALUES (4, 29, 9);
INSERT INTO public.album_track (album_id, track_id, track_number_in_album) VALUES (4, 30, 10);
INSERT INTO public.album_track (album_id, track_id, track_number_in_album) VALUES (4, 31, 11);
INSERT INTO public.album_track (album_id, track_id, track_number_in_album) VALUES (5, 32, 2);
INSERT INTO public.album_track (album_id, track_id, track_number_in_album) VALUES (5, 33, 3);
INSERT INTO public.album_track (album_id, track_id, track_number_in_album) VALUES (7, 34, 1);
INSERT INTO public.album_track (album_id, track_id, track_number_in_album) VALUES (7, 35, 2);
INSERT INTO public.album_track (album_id, track_id, track_number_in_album) VALUES (7, 36, 4);
INSERT INTO public.album_track (album_id, track_id, track_number_in_album) VALUES (7, 37, 5);
INSERT INTO public.album_track (album_id, track_id, track_number_in_album) VALUES (7, 38, 6);
INSERT INTO public.album_track (album_id, track_id, track_number_in_album) VALUES (7, 39, 7);
INSERT INTO public.album_track (album_id, track_id, track_number_in_album) VALUES (7, 40, 8);
INSERT INTO public.album_track (album_id, track_id, track_number_in_album) VALUES (7, 41, 9);
INSERT INTO public.album_track (album_id, track_id, track_number_in_album) VALUES (7, 42, 10);
INSERT INTO public.album_track (album_id, track_id, track_number_in_album) VALUES (7, 43, 11);
INSERT INTO public.album_track (album_id, track_id, track_number_in_album) VALUES (8, 44, 1);
INSERT INTO public.album_track (album_id, track_id, track_number_in_album) VALUES (8, 45, 2);
INSERT INTO public.album_track (album_id, track_id, track_number_in_album) VALUES (8, 46, 3);
INSERT INTO public.album_track (album_id, track_id, track_number_in_album) VALUES (8, 47, 4);
INSERT INTO public.album_track (album_id, track_id, track_number_in_album) VALUES (8, 48, 5);
INSERT INTO public.album_track (album_id, track_id, track_number_in_album) VALUES (8, 49, 6);
INSERT INTO public.album_track (album_id, track_id, track_number_in_album) VALUES (8, 50, 7);
INSERT INTO public.album_track (album_id, track_id, track_number_in_album) VALUES (8, 51, 8);
INSERT INTO public.album_track (album_id, track_id, track_number_in_album) VALUES (8, 52, 9);
INSERT INTO public.album_track (album_id, track_id, track_number_in_album) VALUES (8, 53, 11);
INSERT INTO public.album_track (album_id, track_id, track_number_in_album) VALUES (8, 54, 12);
INSERT INTO public.album_track (album_id, track_id, track_number_in_album) VALUES (8, 55, 13);
INSERT INTO public.album_track (album_id, track_id, track_number_in_album) VALUES (8, 56, 14);
INSERT INTO public.album_track (album_id, track_id, track_number_in_album) VALUES (9, 57, 2);
INSERT INTO public.album_track (album_id, track_id, track_number_in_album) VALUES (9, 58, 3);


--
-- TOC entry 3805 (class 0 OID 16569)
-- Dependencies: 219
-- Data for Name: artist; Type: TABLE DATA; Schema: public; Owner: postgres
--

INSERT INTO public.artist (id, name, image_filename) VALUES (5, 'SK', '5.jpg');
INSERT INTO public.artist (id, name, image_filename) VALUES (0, 'Little Howlin'' Wolf', '0.jpg');
INSERT INTO public.artist (id, name, image_filename) VALUES (1, 'Anonymous Choir', 'default.jpg');
INSERT INTO public.artist (id, name, image_filename) VALUES (2, 'Bryan Mathys', '2.jpg');
INSERT INTO public.artist (id, name, image_filename) VALUES (3, 'The Easton Ellises', 'default.jpg');
INSERT INTO public.artist (id, name, image_filename) VALUES (4, 'Albin Andersson', '4.jpg');
INSERT INTO public.artist (id, name, image_filename) VALUES (6, 'Michael Winkle', '6.jpg');
INSERT INTO public.artist (id, name, image_filename) VALUES (7, 'Monk Turner', '7.jpg');
INSERT INTO public.artist (id, name, image_filename) VALUES (8, 'Mors Ontologica', '8.jpg');
INSERT INTO public.artist (id, name, image_filename) VALUES (9, 'Double-F the King', '9.jpg');


--
-- TOC entry 3806 (class 0 OID 16576)
-- Dependencies: 220
-- Data for Name: artist_status; Type: TABLE DATA; Schema: public; Owner: postgres
--

INSERT INTO public.artist_status (id, name) VALUES (0, 'Main artist');
INSERT INTO public.artist_status (id, name) VALUES (1, 'Collaborating artist');
INSERT INTO public.artist_status (id, name) VALUES (2, 'Featured artist');


--
-- TOC entry 3809 (class 0 OID 16618)
-- Dependencies: 223
-- Data for Name: artist_track; Type: TABLE DATA; Schema: public; Owner: postgres
--

INSERT INTO public.artist_track (artist_id, track_id, artist_status_id) VALUES (5, 5, 0);
INSERT INTO public.artist_track (artist_id, track_id, artist_status_id) VALUES (0, 0, 0);
INSERT INTO public.artist_track (artist_id, track_id, artist_status_id) VALUES (1, 1, 0);
INSERT INTO public.artist_track (artist_id, track_id, artist_status_id) VALUES (2, 2, 0);
INSERT INTO public.artist_track (artist_id, track_id, artist_status_id) VALUES (3, 3, 0);
INSERT INTO public.artist_track (artist_id, track_id, artist_status_id) VALUES (4, 4, 0);
INSERT INTO public.artist_track (artist_id, track_id, artist_status_id) VALUES (6, 6, 0);
INSERT INTO public.artist_track (artist_id, track_id, artist_status_id) VALUES (7, 7, 0);
INSERT INTO public.artist_track (artist_id, track_id, artist_status_id) VALUES (8, 8, 0);
INSERT INTO public.artist_track (artist_id, track_id, artist_status_id) VALUES (9, 9, 0);
INSERT INTO public.artist_track (artist_id, track_id, artist_status_id) VALUES (0, 10, 0);
INSERT INTO public.artist_track (artist_id, track_id, artist_status_id) VALUES (0, 11, 0);
INSERT INTO public.artist_track (artist_id, track_id, artist_status_id) VALUES (0, 12, 0);
INSERT INTO public.artist_track (artist_id, track_id, artist_status_id) VALUES (0, 13, 0);
INSERT INTO public.artist_track (artist_id, track_id, artist_status_id) VALUES (0, 14, 0);
INSERT INTO public.artist_track (artist_id, track_id, artist_status_id) VALUES (0, 15, 0);
INSERT INTO public.artist_track (artist_id, track_id, artist_status_id) VALUES (2, 16, 0);
INSERT INTO public.artist_track (artist_id, track_id, artist_status_id) VALUES (2, 17, 0);
INSERT INTO public.artist_track (artist_id, track_id, artist_status_id) VALUES (2, 18, 0);
INSERT INTO public.artist_track (artist_id, track_id, artist_status_id) VALUES (3, 19, 0);
INSERT INTO public.artist_track (artist_id, track_id, artist_status_id) VALUES (3, 20, 0);
INSERT INTO public.artist_track (artist_id, track_id, artist_status_id) VALUES (3, 21, 0);
INSERT INTO public.artist_track (artist_id, track_id, artist_status_id) VALUES (4, 22, 0);
INSERT INTO public.artist_track (artist_id, track_id, artist_status_id) VALUES (4, 23, 0);
INSERT INTO public.artist_track (artist_id, track_id, artist_status_id) VALUES (4, 24, 0);
INSERT INTO public.artist_track (artist_id, track_id, artist_status_id) VALUES (4, 25, 0);
INSERT INTO public.artist_track (artist_id, track_id, artist_status_id) VALUES (4, 26, 0);
INSERT INTO public.artist_track (artist_id, track_id, artist_status_id) VALUES (4, 27, 0);
INSERT INTO public.artist_track (artist_id, track_id, artist_status_id) VALUES (4, 28, 0);
INSERT INTO public.artist_track (artist_id, track_id, artist_status_id) VALUES (4, 29, 0);
INSERT INTO public.artist_track (artist_id, track_id, artist_status_id) VALUES (4, 30, 0);
INSERT INTO public.artist_track (artist_id, track_id, artist_status_id) VALUES (4, 31, 0);
INSERT INTO public.artist_track (artist_id, track_id, artist_status_id) VALUES (5, 32, 0);
INSERT INTO public.artist_track (artist_id, track_id, artist_status_id) VALUES (5, 33, 0);
INSERT INTO public.artist_track (artist_id, track_id, artist_status_id) VALUES (7, 34, 0);
INSERT INTO public.artist_track (artist_id, track_id, artist_status_id) VALUES (7, 35, 0);
INSERT INTO public.artist_track (artist_id, track_id, artist_status_id) VALUES (7, 36, 0);
INSERT INTO public.artist_track (artist_id, track_id, artist_status_id) VALUES (7, 37, 0);
INSERT INTO public.artist_track (artist_id, track_id, artist_status_id) VALUES (7, 38, 0);
INSERT INTO public.artist_track (artist_id, track_id, artist_status_id) VALUES (7, 39, 0);
INSERT INTO public.artist_track (artist_id, track_id, artist_status_id) VALUES (7, 40, 0);
INSERT INTO public.artist_track (artist_id, track_id, artist_status_id) VALUES (7, 41, 0);
INSERT INTO public.artist_track (artist_id, track_id, artist_status_id) VALUES (7, 42, 0);
INSERT INTO public.artist_track (artist_id, track_id, artist_status_id) VALUES (7, 43, 0);
INSERT INTO public.artist_track (artist_id, track_id, artist_status_id) VALUES (8, 44, 0);
INSERT INTO public.artist_track (artist_id, track_id, artist_status_id) VALUES (8, 45, 0);
INSERT INTO public.artist_track (artist_id, track_id, artist_status_id) VALUES (8, 46, 0);
INSERT INTO public.artist_track (artist_id, track_id, artist_status_id) VALUES (8, 47, 0);
INSERT INTO public.artist_track (artist_id, track_id, artist_status_id) VALUES (8, 48, 0);
INSERT INTO public.artist_track (artist_id, track_id, artist_status_id) VALUES (8, 49, 0);
INSERT INTO public.artist_track (artist_id, track_id, artist_status_id) VALUES (8, 50, 0);
INSERT INTO public.artist_track (artist_id, track_id, artist_status_id) VALUES (8, 51, 0);
INSERT INTO public.artist_track (artist_id, track_id, artist_status_id) VALUES (8, 52, 0);
INSERT INTO public.artist_track (artist_id, track_id, artist_status_id) VALUES (8, 53, 0);
INSERT INTO public.artist_track (artist_id, track_id, artist_status_id) VALUES (8, 54, 0);
INSERT INTO public.artist_track (artist_id, track_id, artist_status_id) VALUES (8, 55, 0);
INSERT INTO public.artist_track (artist_id, track_id, artist_status_id) VALUES (8, 56, 0);
INSERT INTO public.artist_track (artist_id, track_id, artist_status_id) VALUES (9, 57, 0);
INSERT INTO public.artist_track (artist_id, track_id, artist_status_id) VALUES (9, 58, 0);


--
-- TOC entry 3801 (class 0 OID 16531)
-- Dependencies: 215
-- Data for Name: genre; Type: TABLE DATA; Schema: public; Owner: postgres
--

INSERT INTO public.genre (id, name) VALUES (0, 'Blues');
INSERT INTO public.genre (id, name) VALUES (1, 'Classical');
INSERT INTO public.genre (id, name) VALUES (2, 'Country');
INSERT INTO public.genre (id, name) VALUES (3, 'Electronic');
INSERT INTO public.genre (id, name) VALUES (4, 'Folk');
INSERT INTO public.genre (id, name) VALUES (5, 'Hip-Hop');
INSERT INTO public.genre (id, name) VALUES (6, 'Jazz');
INSERT INTO public.genre (id, name) VALUES (7, 'Pop');
INSERT INTO public.genre (id, name) VALUES (8, 'Rock');
INSERT INTO public.genre (id, name) VALUES (9, 'Soul-RnB');


--
-- TOC entry 3802 (class 0 OID 16538)
-- Dependencies: 216
-- Data for Name: license; Type: TABLE DATA; Schema: public; Owner: postgres
--

INSERT INTO public.license (id, name) VALUES (0, 'CC0: Public Domain Dedication / No Rights Reserved');
INSERT INTO public.license (id, name) VALUES (2, 'CC BY-SA: Attribution-ShareAlike');
INSERT INTO public.license (id, name) VALUES (5, 'CC BY-NC-SA: Attribution-NonCommercial-ShareAlike');
INSERT INTO public.license (id, name) VALUES (6, 'CC BY-NC-ND: Attribution-NonCommercial-NoDerivatives');
INSERT INTO public.license (id, name) VALUES (1, 'CC BY: Attribution');
INSERT INTO public.license (id, name) VALUES (3, 'CC BY-ND: Attribution-NoDerivatives');
INSERT INTO public.license (id, name) VALUES (4, 'CC BY-NC: Attribution-NonCommercial');


--
-- TOC entry 3810 (class 0 OID 16638)
-- Dependencies: 224
-- Data for Name: playlist; Type: TABLE DATA; Schema: public; Owner: postgres
--

INSERT INTO public.playlist (id, name, creation_date, last_update_date) VALUES (0, 'test', '2000-01-01 06:00:00', '2000-01-01 06:00:00');
INSERT INTO public.playlist (id, name, creation_date, last_update_date) VALUES (1, 'del', '2000-12-12 00:00:00', '2000-12-12 00:00:00');
INSERT INTO public.playlist (id, name, creation_date, last_update_date) VALUES (3, 'test', '2024-06-02 20:11:59.5', '2024-06-02 20:11:59.5');
INSERT INTO public.playlist (id, name, creation_date, last_update_date) VALUES (4, 'ppppplaylist', '2024-06-02 20:12:32.775', '2024-06-02 20:19:41.998');
INSERT INTO public.playlist (id, name, creation_date, last_update_date) VALUES (2, 'temp', '2000-01-01 06:00:00', '2000-01-01 06:00:00');


--
-- TOC entry 3811 (class 0 OID 16645)
-- Dependencies: 225
-- Data for Name: playlist_track; Type: TABLE DATA; Schema: public; Owner: postgres
--

INSERT INTO public.playlist_track (playlist_id, track_id, track_number_in_playlist) VALUES (0, 9, 1);
INSERT INTO public.playlist_track (playlist_id, track_id, track_number_in_playlist) VALUES (0, 3, 2);
INSERT INTO public.playlist_track (playlist_id, track_id, track_number_in_playlist) VALUES (0, 7, 3);
INSERT INTO public.playlist_track (playlist_id, track_id, track_number_in_playlist) VALUES (1, 2, 1);
INSERT INTO public.playlist_track (playlist_id, track_id, track_number_in_playlist) VALUES (3, 0, 1);
INSERT INTO public.playlist_track (playlist_id, track_id, track_number_in_playlist) VALUES (3, 3, 2);
INSERT INTO public.playlist_track (playlist_id, track_id, track_number_in_playlist) VALUES (3, 8, 3);
INSERT INTO public.playlist_track (playlist_id, track_id, track_number_in_playlist) VALUES (3, 5, 4);
INSERT INTO public.playlist_track (playlist_id, track_id, track_number_in_playlist) VALUES (4, 0, 1);
INSERT INTO public.playlist_track (playlist_id, track_id, track_number_in_playlist) VALUES (4, 3, 2);
INSERT INTO public.playlist_track (playlist_id, track_id, track_number_in_playlist) VALUES (4, 5, 3);
INSERT INTO public.playlist_track (playlist_id, track_id, track_number_in_playlist) VALUES (4, 9, 4);
INSERT INTO public.playlist_track (playlist_id, track_id, track_number_in_playlist) VALUES (2, 1, 1);


--
-- TOC entry 3803 (class 0 OID 16545)
-- Dependencies: 217
-- Data for Name: track; Type: TABLE DATA; Schema: public; Owner: postgres
--

INSERT INTO public.track (id, primary_genre_id, license_id, name, duration_in_seconds, release_date, audio_filename) VALUES (0, 0, 5, 'Last Double Eagle', 296, '2008-11-26 00:00:00', '0.mp3');
INSERT INTO public.track (id, primary_genre_id, license_id, name, duration_in_seconds, release_date, audio_filename) VALUES (1, 1, 0, 'Cantate Domino', 134, '2009-04-23 00:00:00', '1.mp3');
INSERT INTO public.track (id, primary_genre_id, license_id, name, duration_in_seconds, release_date, audio_filename) VALUES (2, 2, 1, 'It''s Not Hard to Get Lost', 238, '2015-02-05 00:00:00', '2.mp3');
INSERT INTO public.track (id, primary_genre_id, license_id, name, duration_in_seconds, release_date, audio_filename) VALUES (3, 3, 5, 'Stay', 204, '2014-12-01 00:00:00', '3.mp3');
INSERT INTO public.track (id, primary_genre_id, license_id, name, duration_in_seconds, release_date, audio_filename) VALUES (4, 4, 5, 'Connections', 154, '2016-01-16 00:00:00', '4.mp3');
INSERT INTO public.track (id, primary_genre_id, license_id, name, duration_in_seconds, release_date, audio_filename) VALUES (6, 6, 5, 'The Only Dream', 232, '2010-01-03 00:00:00', '6.mp3');
INSERT INTO public.track (id, primary_genre_id, license_id, name, duration_in_seconds, release_date, audio_filename) VALUES (7, 7, 4, 'The Club', 218, '2010-02-23 00:00:00', '7.mp3');
INSERT INTO public.track (id, primary_genre_id, license_id, name, duration_in_seconds, release_date, audio_filename) VALUES (8, 8, 5, 'Life In A Box', 171, '2008-11-26 00:00:00', '8.mp3');
INSERT INTO public.track (id, primary_genre_id, license_id, name, duration_in_seconds, release_date, audio_filename) VALUES (9, 9, 2, 'Awware', 175, '2022-05-02 00:00:00', '9.mp3');
INSERT INTO public.track (id, primary_genre_id, license_id, name, duration_in_seconds, release_date, audio_filename) VALUES (10, 0, 5, 'Astral Blue', 244, '2008-11-26 00:00:00', '10.mp3');
INSERT INTO public.track (id, primary_genre_id, license_id, name, duration_in_seconds, release_date, audio_filename) VALUES (11, 0, 5, 'Baltimore Raven', 124, '2008-11-26 00:00:00', '11.mp3');
INSERT INTO public.track (id, primary_genre_id, license_id, name, duration_in_seconds, release_date, audio_filename) VALUES (12, 0, 5, 'Big Ole Bear', 242, '2008-11-26 00:00:00', '12.mp3');
INSERT INTO public.track (id, primary_genre_id, license_id, name, duration_in_seconds, release_date, audio_filename) VALUES (13, 0, 5, 'Eulb', 352, '2008-11-26 00:00:00', '13.mp3');
INSERT INTO public.track (id, primary_genre_id, license_id, name, duration_in_seconds, release_date, audio_filename) VALUES (14, 0, 5, 'I''m Shufflin''', 332, '2008-11-26 00:00:00', '14.mp3');
INSERT INTO public.track (id, primary_genre_id, license_id, name, duration_in_seconds, release_date, audio_filename) VALUES (15, 0, 5, 'Blue Coochology', 180, '2008-11-26 00:00:00', '15.mp3');
INSERT INTO public.track (id, primary_genre_id, license_id, name, duration_in_seconds, release_date, audio_filename) VALUES (16, 2, 1, 'Daydreaming of The South', 175, '2015-02-05 00:00:00', '16.mp3');
INSERT INTO public.track (id, primary_genre_id, license_id, name, duration_in_seconds, release_date, audio_filename) VALUES (17, 2, 1, 'Hard Miles', 224, '2015-02-05 00:00:00', '17.mp3');
INSERT INTO public.track (id, primary_genre_id, license_id, name, duration_in_seconds, release_date, audio_filename) VALUES (18, 2, 1, 'Wild Heart', 221, '2015-02-05 00:00:00', '18.mp3');
INSERT INTO public.track (id, primary_genre_id, license_id, name, duration_in_seconds, release_date, audio_filename) VALUES (19, 3, 5, 'Fall For You', 224, '2014-12-01 00:00:00', '19.mp3');
INSERT INTO public.track (id, primary_genre_id, license_id, name, duration_in_seconds, release_date, audio_filename) VALUES (20, 3, 5, 'Falcon 69', 224, '2014-12-01 00:00:00', '20.mp3');
INSERT INTO public.track (id, primary_genre_id, license_id, name, duration_in_seconds, release_date, audio_filename) VALUES (21, 3, 5, 'Artificial Joy', 283, '2014-12-01 00:00:00', '21.mp3');
INSERT INTO public.track (id, primary_genre_id, license_id, name, duration_in_seconds, release_date, audio_filename) VALUES (22, 4, 5, 'Mayfly', 169, '2016-01-16 00:00:00', '22.mp3');
INSERT INTO public.track (id, primary_genre_id, license_id, name, duration_in_seconds, release_date, audio_filename) VALUES (23, 4, 5, 'Poles Apart', 194, '2016-01-16 00:00:00', '23.mp3');
INSERT INTO public.track (id, primary_genre_id, license_id, name, duration_in_seconds, release_date, audio_filename) VALUES (24, 4, 5, 'A Penny For Your Dreams', 132, '2016-01-16 00:00:00', '24.mp3');
INSERT INTO public.track (id, primary_genre_id, license_id, name, duration_in_seconds, release_date, audio_filename) VALUES (25, 4, 5, 'The Archway', 192, '2016-01-16 00:00:00', '25.mp3');
INSERT INTO public.track (id, primary_genre_id, license_id, name, duration_in_seconds, release_date, audio_filename) VALUES (26, 4, 5, 'Blind', 165, '2016-01-16 00:00:00', '26.mp3');
INSERT INTO public.track (id, primary_genre_id, license_id, name, duration_in_seconds, release_date, audio_filename) VALUES (27, 4, 5, 'All The Stupid Things You Say', 187, '2016-01-16 00:00:00', '27.mp3');
INSERT INTO public.track (id, primary_genre_id, license_id, name, duration_in_seconds, release_date, audio_filename) VALUES (28, 4, 5, 'You Never Took Me For A Walk', 215, '2016-01-16 00:00:00', '28.mp3');
INSERT INTO public.track (id, primary_genre_id, license_id, name, duration_in_seconds, release_date, audio_filename) VALUES (29, 4, 5, 'The Fences', 167, '2016-01-16 00:00:00', '29.mp3');
INSERT INTO public.track (id, primary_genre_id, license_id, name, duration_in_seconds, release_date, audio_filename) VALUES (30, 4, 5, 'Are We?', 175, '2016-01-16 00:00:00', '30.mp3');
INSERT INTO public.track (id, primary_genre_id, license_id, name, duration_in_seconds, release_date, audio_filename) VALUES (31, 4, 5, 'Even If It''s True', 170, '2016-01-16 00:00:00', '31.mp3');
INSERT INTO public.track (id, primary_genre_id, license_id, name, duration_in_seconds, release_date, audio_filename) VALUES (5, 5, 1, 'Can I live', 135, '2017-01-19 00:00:00', '5.mp3');
INSERT INTO public.track (id, primary_genre_id, license_id, name, duration_in_seconds, release_date, audio_filename) VALUES (32, 5, 1, 'This is what you are', 202, '2017-01-19 00:00:00', '32.mp3');
INSERT INTO public.track (id, primary_genre_id, license_id, name, duration_in_seconds, release_date, audio_filename) VALUES (33, 5, 1, 'Calling for you', 211, '2017-01-19 00:00:00', '33.mp3');
INSERT INTO public.track (id, primary_genre_id, license_id, name, duration_in_seconds, release_date, audio_filename) VALUES (34, 7, 4, 'MJ''s Grave', 221, '2010-02-23 00:00:00', '34.mp3');
INSERT INTO public.track (id, primary_genre_id, license_id, name, duration_in_seconds, release_date, audio_filename) VALUES (35, 7, 4, 'Freeway Parking Lot', 213, '2010-02-23 00:00:00', '35.mp3');
INSERT INTO public.track (id, primary_genre_id, license_id, name, duration_in_seconds, release_date, audio_filename) VALUES (36, 7, 4, 'New Downtown', 209, '2010-02-23 00:00:00', '36.mp3');
INSERT INTO public.track (id, primary_genre_id, license_id, name, duration_in_seconds, release_date, audio_filename) VALUES (37, 7, 4, 'First and Central', 205, '2010-02-23 00:00:00', '37.mp3');
INSERT INTO public.track (id, primary_genre_id, license_id, name, duration_in_seconds, release_date, audio_filename) VALUES (38, 7, 4, 'A Dive Bar off Main Street', 227, '2010-02-23 00:00:00', '38.mp3');
INSERT INTO public.track (id, primary_genre_id, license_id, name, duration_in_seconds, release_date, audio_filename) VALUES (39, 7, 4, 'Rooftop Balcony', 198, '2010-02-23 00:00:00', '39.mp3');
INSERT INTO public.track (id, primary_genre_id, license_id, name, duration_in_seconds, release_date, audio_filename) VALUES (40, 7, 4, 'A Place to Call Home', 225, '2010-02-23 00:00:00', '40.mp3');
INSERT INTO public.track (id, primary_genre_id, license_id, name, duration_in_seconds, release_date, audio_filename) VALUES (41, 7, 4, 'Hola Que Paso (A Call from the Tuxtlas)', 129, '2010-02-23 00:00:00', '41.mp3');
INSERT INTO public.track (id, primary_genre_id, license_id, name, duration_in_seconds, release_date, audio_filename) VALUES (42, 7, 4, 'The Hair Salon', 129, '2010-02-23 00:00:00', '42.mp3');
INSERT INTO public.track (id, primary_genre_id, license_id, name, duration_in_seconds, release_date, audio_filename) VALUES (43, 7, 4, 'Trapped in my Head', 217, '2010-02-23 00:00:00', '43.mp3');
INSERT INTO public.track (id, primary_genre_id, license_id, name, duration_in_seconds, release_date, audio_filename) VALUES (44, 8, 5, '45 Revolutions', 152, '2008-11-26 00:00:00', '44.mp3');
INSERT INTO public.track (id, primary_genre_id, license_id, name, duration_in_seconds, release_date, audio_filename) VALUES (45, 8, 5, 'Lovesick', 114, '2008-11-26 00:00:00', '45.mp3');
INSERT INTO public.track (id, primary_genre_id, license_id, name, duration_in_seconds, release_date, audio_filename) VALUES (46, 8, 5, 'Massive Action', 143, '2008-11-26 00:00:00', '46.mp3');
INSERT INTO public.track (id, primary_genre_id, license_id, name, duration_in_seconds, release_date, audio_filename) VALUES (47, 8, 5, 'D.Y.I', 130, '2008-11-26 00:00:00', '47.mp3');
INSERT INTO public.track (id, primary_genre_id, license_id, name, duration_in_seconds, release_date, audio_filename) VALUES (48, 8, 5, 'Lapse/Relapse', 95, '2008-11-26 00:00:00', '48.mp3');
INSERT INTO public.track (id, primary_genre_id, license_id, name, duration_in_seconds, release_date, audio_filename) VALUES (49, 8, 5, 'Lazy Suicide', 276, '2008-11-26 00:00:00', '49.mp3');
INSERT INTO public.track (id, primary_genre_id, license_id, name, duration_in_seconds, release_date, audio_filename) VALUES (50, 8, 5, 'Uneasy', 230, '2008-11-26 00:00:00', '50.mp3');
INSERT INTO public.track (id, primary_genre_id, license_id, name, duration_in_seconds, release_date, audio_filename) VALUES (51, 8, 5, 'Bad For Business', 165, '2008-11-26 00:00:00', '51.mp3');
INSERT INTO public.track (id, primary_genre_id, license_id, name, duration_in_seconds, release_date, audio_filename) VALUES (52, 8, 5, 'Too Late', 109, '2008-11-26 00:00:00', '52.mp3');
INSERT INTO public.track (id, primary_genre_id, license_id, name, duration_in_seconds, release_date, audio_filename) VALUES (53, 8, 5, 'Queen Bee', 151, '2008-11-26 00:00:00', '53.mp3');
INSERT INTO public.track (id, primary_genre_id, license_id, name, duration_in_seconds, release_date, audio_filename) VALUES (54, 8, 5, 'Shoes', 341, '2008-11-26 00:00:00', '54.mp3');
INSERT INTO public.track (id, primary_genre_id, license_id, name, duration_in_seconds, release_date, audio_filename) VALUES (55, 8, 5, 'No Route', 171, '2008-11-26 00:00:00', '55.mp3');
INSERT INTO public.track (id, primary_genre_id, license_id, name, duration_in_seconds, release_date, audio_filename) VALUES (56, 8, 5, 'Me & A Gun', 295, '2008-11-26 00:00:00', '56.mp3');
INSERT INTO public.track (id, primary_genre_id, license_id, name, duration_in_seconds, release_date, audio_filename) VALUES (57, 9, 2, 'I Cant Breathe', 133, '2022-05-02 00:00:00', '57.mp3');
INSERT INTO public.track (id, primary_genre_id, license_id, name, duration_in_seconds, release_date, audio_filename) VALUES (58, 9, 2, 'End Sars', 161, '2022-05-02 00:00:00', '58.mp3');


--
-- TOC entry 3816 (class 0 OID 16730)
-- Dependencies: 230
-- Data for Name: track_audio_feature; Type: TABLE DATA; Schema: public; Owner: postgres
--

INSERT INTO public.track_audio_feature (id, track_id, track_audio_feature_extraction_type_id) VALUES (0, 0, 0);
INSERT INTO public.track_audio_feature (id, track_id, track_audio_feature_extraction_type_id) VALUES (1, 1, 0);
INSERT INTO public.track_audio_feature (id, track_id, track_audio_feature_extraction_type_id) VALUES (2, 2, 0);
INSERT INTO public.track_audio_feature (id, track_id, track_audio_feature_extraction_type_id) VALUES (3, 3, 0);
INSERT INTO public.track_audio_feature (id, track_id, track_audio_feature_extraction_type_id) VALUES (4, 4, 0);
INSERT INTO public.track_audio_feature (id, track_id, track_audio_feature_extraction_type_id) VALUES (5, 5, 0);
INSERT INTO public.track_audio_feature (id, track_id, track_audio_feature_extraction_type_id) VALUES (6, 6, 0);
INSERT INTO public.track_audio_feature (id, track_id, track_audio_feature_extraction_type_id) VALUES (7, 7, 0);
INSERT INTO public.track_audio_feature (id, track_id, track_audio_feature_extraction_type_id) VALUES (8, 8, 0);
INSERT INTO public.track_audio_feature (id, track_id, track_audio_feature_extraction_type_id) VALUES (9, 9, 0);
INSERT INTO public.track_audio_feature (id, track_id, track_audio_feature_extraction_type_id) VALUES (10, 10, 0);
INSERT INTO public.track_audio_feature (id, track_id, track_audio_feature_extraction_type_id) VALUES (11, 11, 0);
INSERT INTO public.track_audio_feature (id, track_id, track_audio_feature_extraction_type_id) VALUES (12, 12, 0);
INSERT INTO public.track_audio_feature (id, track_id, track_audio_feature_extraction_type_id) VALUES (13, 13, 0);
INSERT INTO public.track_audio_feature (id, track_id, track_audio_feature_extraction_type_id) VALUES (14, 14, 0);
INSERT INTO public.track_audio_feature (id, track_id, track_audio_feature_extraction_type_id) VALUES (15, 15, 0);
INSERT INTO public.track_audio_feature (id, track_id, track_audio_feature_extraction_type_id) VALUES (16, 16, 0);
INSERT INTO public.track_audio_feature (id, track_id, track_audio_feature_extraction_type_id) VALUES (17, 17, 0);
INSERT INTO public.track_audio_feature (id, track_id, track_audio_feature_extraction_type_id) VALUES (18, 18, 0);
INSERT INTO public.track_audio_feature (id, track_id, track_audio_feature_extraction_type_id) VALUES (19, 19, 0);
INSERT INTO public.track_audio_feature (id, track_id, track_audio_feature_extraction_type_id) VALUES (20, 20, 0);
INSERT INTO public.track_audio_feature (id, track_id, track_audio_feature_extraction_type_id) VALUES (21, 21, 0);
INSERT INTO public.track_audio_feature (id, track_id, track_audio_feature_extraction_type_id) VALUES (22, 22, 0);
INSERT INTO public.track_audio_feature (id, track_id, track_audio_feature_extraction_type_id) VALUES (23, 23, 0);
INSERT INTO public.track_audio_feature (id, track_id, track_audio_feature_extraction_type_id) VALUES (24, 24, 0);
INSERT INTO public.track_audio_feature (id, track_id, track_audio_feature_extraction_type_id) VALUES (25, 25, 0);
INSERT INTO public.track_audio_feature (id, track_id, track_audio_feature_extraction_type_id) VALUES (26, 26, 0);
INSERT INTO public.track_audio_feature (id, track_id, track_audio_feature_extraction_type_id) VALUES (27, 27, 0);
INSERT INTO public.track_audio_feature (id, track_id, track_audio_feature_extraction_type_id) VALUES (28, 28, 0);
INSERT INTO public.track_audio_feature (id, track_id, track_audio_feature_extraction_type_id) VALUES (29, 29, 0);
INSERT INTO public.track_audio_feature (id, track_id, track_audio_feature_extraction_type_id) VALUES (30, 30, 0);
INSERT INTO public.track_audio_feature (id, track_id, track_audio_feature_extraction_type_id) VALUES (31, 31, 0);
INSERT INTO public.track_audio_feature (id, track_id, track_audio_feature_extraction_type_id) VALUES (32, 32, 0);
INSERT INTO public.track_audio_feature (id, track_id, track_audio_feature_extraction_type_id) VALUES (33, 33, 0);
INSERT INTO public.track_audio_feature (id, track_id, track_audio_feature_extraction_type_id) VALUES (34, 34, 0);
INSERT INTO public.track_audio_feature (id, track_id, track_audio_feature_extraction_type_id) VALUES (35, 35, 0);
INSERT INTO public.track_audio_feature (id, track_id, track_audio_feature_extraction_type_id) VALUES (36, 36, 0);
INSERT INTO public.track_audio_feature (id, track_id, track_audio_feature_extraction_type_id) VALUES (37, 37, 0);
INSERT INTO public.track_audio_feature (id, track_id, track_audio_feature_extraction_type_id) VALUES (38, 38, 0);
INSERT INTO public.track_audio_feature (id, track_id, track_audio_feature_extraction_type_id) VALUES (39, 39, 0);
INSERT INTO public.track_audio_feature (id, track_id, track_audio_feature_extraction_type_id) VALUES (40, 40, 0);
INSERT INTO public.track_audio_feature (id, track_id, track_audio_feature_extraction_type_id) VALUES (41, 41, 0);
INSERT INTO public.track_audio_feature (id, track_id, track_audio_feature_extraction_type_id) VALUES (42, 42, 0);
INSERT INTO public.track_audio_feature (id, track_id, track_audio_feature_extraction_type_id) VALUES (43, 43, 0);
INSERT INTO public.track_audio_feature (id, track_id, track_audio_feature_extraction_type_id) VALUES (44, 44, 0);
INSERT INTO public.track_audio_feature (id, track_id, track_audio_feature_extraction_type_id) VALUES (45, 45, 0);
INSERT INTO public.track_audio_feature (id, track_id, track_audio_feature_extraction_type_id) VALUES (46, 46, 0);
INSERT INTO public.track_audio_feature (id, track_id, track_audio_feature_extraction_type_id) VALUES (47, 47, 0);
INSERT INTO public.track_audio_feature (id, track_id, track_audio_feature_extraction_type_id) VALUES (48, 48, 0);
INSERT INTO public.track_audio_feature (id, track_id, track_audio_feature_extraction_type_id) VALUES (49, 49, 0);
INSERT INTO public.track_audio_feature (id, track_id, track_audio_feature_extraction_type_id) VALUES (50, 50, 0);
INSERT INTO public.track_audio_feature (id, track_id, track_audio_feature_extraction_type_id) VALUES (51, 51, 0);
INSERT INTO public.track_audio_feature (id, track_id, track_audio_feature_extraction_type_id) VALUES (52, 52, 0);
INSERT INTO public.track_audio_feature (id, track_id, track_audio_feature_extraction_type_id) VALUES (53, 53, 0);
INSERT INTO public.track_audio_feature (id, track_id, track_audio_feature_extraction_type_id) VALUES (54, 54, 0);
INSERT INTO public.track_audio_feature (id, track_id, track_audio_feature_extraction_type_id) VALUES (55, 55, 0);
INSERT INTO public.track_audio_feature (id, track_id, track_audio_feature_extraction_type_id) VALUES (56, 56, 0);
INSERT INTO public.track_audio_feature (id, track_id, track_audio_feature_extraction_type_id) VALUES (57, 57, 0);
INSERT INTO public.track_audio_feature (id, track_id, track_audio_feature_extraction_type_id) VALUES (58, 58, 0);


--
-- TOC entry 3815 (class 0 OID 16725)
-- Dependencies: 229
-- Data for Name: track_audio_feature_extraction_type; Type: TABLE DATA; Schema: public; Owner: postgres
--

INSERT INTO public.track_audio_feature_extraction_type (id, start_delta, segment_duration) VALUES (0, 3, 3);


--
-- TOC entry 3817 (class 0 OID 16745)
-- Dependencies: 231
-- Data for Name: track_segment_audio_feature; Type: TABLE DATA; Schema: public; Owner: postgres
--


--
-- TOC entry 3821 (class 0 OID 17755)
-- Dependencies: 235
-- Data for Name: user_album; Type: TABLE DATA; Schema: public; Owner: postgres
--

INSERT INTO public.user_album (user_id, album_id, album_number_in_user_list, added_date) VALUES (0, 2, 1, '2024-06-02 00:53:37.159');
INSERT INTO public.user_album (user_id, album_id, album_number_in_user_list, added_date) VALUES (0, 8, 2, '2024-06-02 00:53:40.856');
INSERT INTO public.user_album (user_id, album_id, album_number_in_user_list, added_date) VALUES (0, 3, 3, '2024-06-02 00:53:44.404');


--
-- TOC entry 3825 (class 0 OID 17842)
-- Dependencies: 239
-- Data for Name: user_album_rating; Type: TABLE DATA; Schema: public; Owner: postgres
--

INSERT INTO public.user_album_rating (user_id, album_id, user_rating_id) VALUES (0, 3, 1);
INSERT INTO public.user_album_rating (user_id, album_id, user_rating_id) VALUES (0, 2, 1);
INSERT INTO public.user_album_rating (user_id, album_id, user_rating_id) VALUES (0, 8, 1);
INSERT INTO public.user_album_rating (user_id, album_id, user_rating_id) VALUES (0, 5, 0);
INSERT INTO public.user_album_rating (user_id, album_id, user_rating_id) VALUES (0, 1, 0);
INSERT INTO public.user_album_rating (user_id, album_id, user_rating_id) VALUES (0, 7, -1);


--
-- TOC entry 3822 (class 0 OID 17776)
-- Dependencies: 236
-- Data for Name: user_artist; Type: TABLE DATA; Schema: public; Owner: postgres
--

INSERT INTO public.user_artist (user_id, artist_id, artist_number_in_user_list, added_date) VALUES (0, 8, 1, '2024-06-02 00:55:22.474');
INSERT INTO public.user_artist (user_id, artist_id, artist_number_in_user_list, added_date) VALUES (0, 3, 2, '2024-06-02 00:55:28.913');
INSERT INTO public.user_artist (user_id, artist_id, artist_number_in_user_list, added_date) VALUES (0, 4, 3, '2024-06-02 00:55:31.201');
INSERT INTO public.user_artist (user_id, artist_id, artist_number_in_user_list, added_date) VALUES (0, 1, 4, '2024-06-02 00:55:33.07');


--
-- TOC entry 3826 (class 0 OID 17863)
-- Dependencies: 240
-- Data for Name: user_artist_rating; Type: TABLE DATA; Schema: public; Owner: postgres
--

INSERT INTO public.user_artist_rating (user_id, artist_id, user_rating_id) VALUES (0, 7, -1);
INSERT INTO public.user_artist_rating (user_id, artist_id, user_rating_id) VALUES (0, 2, -1);
INSERT INTO public.user_artist_rating (user_id, artist_id, user_rating_id) VALUES (0, 3, -1);
INSERT INTO public.user_artist_rating (user_id, artist_id, user_rating_id) VALUES (0, 4, 0);
INSERT INTO public.user_artist_rating (user_id, artist_id, user_rating_id) VALUES (0, 8, 1);


--
-- TOC entry 3812 (class 0 OID 16660)
-- Dependencies: 226
-- Data for Name: user_data; Type: TABLE DATA; Schema: public; Owner: postgres
--

INSERT INTO public.user_data (id, username, email, password, nickname, registration_date, last_update_date) VALUES (0, 'test', 'test@gmail.com', '$2a$10$BcnuRfaAcywwP3Fs42oiNOs/NPXkfpLkw/qI90XG4w4E7dCvx16h2', 'test', '2024-05-29 04:55:02.867', '2024-05-29 04:55:02.867');
INSERT INTO public.user_data (id, username, email, password, nickname, registration_date, last_update_date) VALUES (1, 'aboba', 'aboba@gmail.com', '$2a$10$vAcSK4j4zxNK5elnEySa..WECqMeSw6BCmBsNmTHikhEjpOQz.KQS', 'aboba', '2024-05-31 23:33:21.797', '2024-05-31 23:33:21.797');


--
-- TOC entry 3818 (class 0 OID 16755)
-- Dependencies: 232
-- Data for Name: user_neural_network_configuration; Type: TABLE DATA; Schema: public; Owner: postgres
--


--
-- TOC entry 3814 (class 0 OID 16675)
-- Dependencies: 228
-- Data for Name: user_playlist; Type: TABLE DATA; Schema: public; Owner: postgres
--

INSERT INTO public.user_playlist (user_id, playlist_id, access_level_id, playlist_number_in_user_list, added_date) VALUES (0, 3, 0, 2, '2024-06-02 20:11:59.538');
INSERT INTO public.user_playlist (user_id, playlist_id, access_level_id, playlist_number_in_user_list, added_date) VALUES (0, 4, 0, 3, '2024-06-02 20:12:32.792');
INSERT INTO public.user_playlist (user_id, playlist_id, access_level_id, playlist_number_in_user_list, added_date) VALUES (0, 1, 0, 4, '2020-11-11 00:00:00');
INSERT INTO public.user_playlist (user_id, playlist_id, access_level_id, playlist_number_in_user_list, added_date) VALUES (0, 0, 0, 1, '2000-01-01 06:00:00');


--
-- TOC entry 3813 (class 0 OID 16668)
-- Dependencies: 227
-- Data for Name: user_playlist_access_level; Type: TABLE DATA; Schema: public; Owner: postgres
--

INSERT INTO public.user_playlist_access_level (id, name) VALUES (0, 'Owner');
INSERT INTO public.user_playlist_access_level (id, name) VALUES (1, 'Moderator');
INSERT INTO public.user_playlist_access_level (id, name) VALUES (-1, 'None');
INSERT INTO public.user_playlist_access_level (id, name) VALUES (2, 'Listener');


--
-- TOC entry 3827 (class 0 OID 17883)
-- Dependencies: 241
-- Data for Name: user_playlist_rating; Type: TABLE DATA; Schema: public; Owner: postgres
--

INSERT INTO public.user_playlist_rating (user_id, playlist_id, user_rating_id) VALUES (0, 0, -1);
INSERT INTO public.user_playlist_rating (user_id, playlist_id, user_rating_id) VALUES (0, 3, 1);
INSERT INTO public.user_playlist_rating (user_id, playlist_id, user_rating_id) VALUES (0, 4, 1);
INSERT INTO public.user_playlist_rating (user_id, playlist_id, user_rating_id) VALUES (0, 1, -1);
INSERT INTO public.user_playlist_rating (user_id, playlist_id, user_rating_id) VALUES (0, 2, -1);


--
-- TOC entry 3819 (class 0 OID 17726)
-- Dependencies: 233
-- Data for Name: user_rating; Type: TABLE DATA; Schema: public; Owner: postgres
--

INSERT INTO public.user_rating (id, name) VALUES (-1, 'Dislike');
INSERT INTO public.user_rating (id, name) VALUES (0, 'None');
INSERT INTO public.user_rating (id, name) VALUES (1, 'Like');


--
-- TOC entry 3843 (class 0 OID 17996)
-- Dependencies: 257
-- Data for Name: user_recommendation; Type: TABLE DATA; Schema: public; Owner: postgres
--


--
-- TOC entry 3845 (class 0 OID 18033)
-- Dependencies: 259
-- Data for Name: user_recommendation_genre; Type: TABLE DATA; Schema: public; Owner: postgres
--


--
-- TOC entry 3844 (class 0 OID 18017)
-- Dependencies: 258
-- Data for Name: user_recommendation_track; Type: TABLE DATA; Schema: public; Owner: postgres
--


--
-- TOC entry 3820 (class 0 OID 17734)
-- Dependencies: 234
-- Data for Name: user_track; Type: TABLE DATA; Schema: public; Owner: postgres
--

INSERT INTO public.user_track (user_id, track_id, track_number_in_user_list, added_date) VALUES (0, 1, 1, '2024-06-01 23:57:27.702');
INSERT INTO public.user_track (user_id, track_id, track_number_in_user_list, added_date) VALUES (0, 2, 2, '2024-06-01 23:57:30.174');
INSERT INTO public.user_track (user_id, track_id, track_number_in_user_list, added_date) VALUES (0, 4, 3, '2024-06-02 00:12:56.449');
INSERT INTO public.user_track (user_id, track_id, track_number_in_user_list, added_date) VALUES (0, 8, 4, '2024-06-02 00:12:59.751');
INSERT INTO public.user_track (user_id, track_id, track_number_in_user_list, added_date) VALUES (0, 7, 5, '2024-06-02 00:23:51.169');


--
-- TOC entry 3823 (class 0 OID 17797)
-- Dependencies: 237
-- Data for Name: user_track_history; Type: TABLE DATA; Schema: public; Owner: postgres
--



--
-- TOC entry 3824 (class 0 OID 17816)
-- Dependencies: 238
-- Data for Name: user_track_rating; Type: TABLE DATA; Schema: public; Owner: postgres
--

INSERT INTO public.user_track_rating (user_id, track_id, user_rating_id) VALUES (0, 2, 1);
INSERT INTO public.user_track_rating (user_id, track_id, user_rating_id) VALUES (0, 0, 1);
INSERT INTO public.user_track_rating (user_id, track_id, user_rating_id) VALUES (0, 5, 1);
INSERT INTO public.user_track_rating (user_id, track_id, user_rating_id) VALUES (0, 9, -1);
INSERT INTO public.user_track_rating (user_id, track_id, user_rating_id) VALUES (0, 7, -1);
INSERT INTO public.user_track_rating (user_id, track_id, user_rating_id) VALUES (0, 3, 0);


--
-- TOC entry 3851 (class 0 OID 0)
-- Dependencies: 243
-- Name: album_id_seq; Type: SEQUENCE SET; Schema: public; Owner: postgres
--

SELECT pg_catalog.setval('public.album_id_seq', 0, false);


--
-- TOC entry 3852 (class 0 OID 0)
-- Dependencies: 244
-- Name: artist_id_seq; Type: SEQUENCE SET; Schema: public; Owner: postgres
--

SELECT pg_catalog.setval('public.artist_id_seq', 0, false);


--
-- TOC entry 3853 (class 0 OID 0)
-- Dependencies: 245
-- Name: artist_status_id_seq; Type: SEQUENCE SET; Schema: public; Owner: postgres
--

SELECT pg_catalog.setval('public.artist_status_id_seq', 0, false);


--
-- TOC entry 3854 (class 0 OID 0)
-- Dependencies: 246
-- Name: genre_id_seq; Type: SEQUENCE SET; Schema: public; Owner: postgres
--

SELECT pg_catalog.setval('public.genre_id_seq', 0, false);


--
-- TOC entry 3855 (class 0 OID 0)
-- Dependencies: 247
-- Name: license_id_seq; Type: SEQUENCE SET; Schema: public; Owner: postgres
--

SELECT pg_catalog.setval('public.license_id_seq', 0, false);


--
-- TOC entry 3856 (class 0 OID 0)
-- Dependencies: 248
-- Name: playlist_id_seq; Type: SEQUENCE SET; Schema: public; Owner: postgres
--

SELECT pg_catalog.setval('public.playlist_id_seq', 6, true);


--
-- TOC entry 3857 (class 0 OID 0)
-- Dependencies: 251
-- Name: track_audio_feature_extraction_type_id_seq; Type: SEQUENCE SET; Schema: public; Owner: postgres
--

SELECT pg_catalog.setval('public.track_audio_feature_extraction_type_id_seq', 0, false);


--
-- TOC entry 3858 (class 0 OID 0)
-- Dependencies: 250
-- Name: track_audio_feature_id_seq; Type: SEQUENCE SET; Schema: public; Owner: postgres
--

SELECT pg_catalog.setval('public.track_audio_feature_id_seq', 58, true);


--
-- TOC entry 3859 (class 0 OID 0)
-- Dependencies: 249
-- Name: track_id_seq; Type: SEQUENCE SET; Schema: public; Owner: postgres
--

SELECT pg_catalog.setval('public.track_id_seq', 0, false);


--
-- TOC entry 3860 (class 0 OID 0)
-- Dependencies: 252
-- Name: track_segment_audio_feature_id_seq; Type: SEQUENCE SET; Schema: public; Owner: postgres
--

SELECT pg_catalog.setval('public.track_segment_audio_feature_id_seq', 3944, true);


--
-- TOC entry 3861 (class 0 OID 0)
-- Dependencies: 242
-- Name: user_data_id_seq; Type: SEQUENCE SET; Schema: public; Owner: postgres
--

SELECT pg_catalog.setval('public.user_data_id_seq', 1, true);


--
-- TOC entry 3862 (class 0 OID 0)
-- Dependencies: 253
-- Name: user_neural_network_configuration_id_seq; Type: SEQUENCE SET; Schema: public; Owner: postgres
--

SELECT pg_catalog.setval('public.user_neural_network_configuration_id_seq', 1, true);


--
-- TOC entry 3863 (class 0 OID 0)
-- Dependencies: 254
-- Name: user_playlist_access_level_id_seq; Type: SEQUENCE SET; Schema: public; Owner: postgres
--

SELECT pg_catalog.setval('public.user_playlist_access_level_id_seq', 0, false);


--
-- TOC entry 3864 (class 0 OID 0)
-- Dependencies: 255
-- Name: user_rating_id_seq; Type: SEQUENCE SET; Schema: public; Owner: postgres
--

SELECT pg_catalog.setval('public.user_rating_id_seq', 0, false);


--
-- TOC entry 3865 (class 0 OID 0)
-- Dependencies: 256
-- Name: user_recommendation_id_seq; Type: SEQUENCE SET; Schema: public; Owner: postgres
--

SELECT pg_catalog.setval('public.user_recommendation_id_seq', 16, true);


--
-- TOC entry 3560 (class 2606 OID 16587)
-- Name: album_artist album_artist_pkey; Type: CONSTRAINT; Schema: public; Owner: postgres
--

ALTER TABLE ONLY public.album_artist
    ADD CONSTRAINT album_artist_pkey PRIMARY KEY (album_id, artist_id);


--
-- TOC entry 3554 (class 2606 OID 16568)
-- Name: album album_pkey; Type: CONSTRAINT; Schema: public; Owner: postgres
--

ALTER TABLE ONLY public.album
    ADD CONSTRAINT album_pkey PRIMARY KEY (id);


--
-- TOC entry 3562 (class 2606 OID 16607)
-- Name: album_track album_track_pkey; Type: CONSTRAINT; Schema: public; Owner: postgres
--

ALTER TABLE ONLY public.album_track
    ADD CONSTRAINT album_track_pkey PRIMARY KEY (album_id, track_id);


--
-- TOC entry 3556 (class 2606 OID 16575)
-- Name: artist artist_pkey; Type: CONSTRAINT; Schema: public; Owner: postgres
--

ALTER TABLE ONLY public.artist
    ADD CONSTRAINT artist_pkey PRIMARY KEY (id);


--
-- TOC entry 3558 (class 2606 OID 16582)
-- Name: artist_status artist_status_pkey; Type: CONSTRAINT; Schema: public; Owner: postgres
--

ALTER TABLE ONLY public.artist_status
    ADD CONSTRAINT artist_status_pkey PRIMARY KEY (id);


--
-- TOC entry 3564 (class 2606 OID 16622)
-- Name: artist_track artist_track_pkey; Type: CONSTRAINT; Schema: public; Owner: postgres
--

ALTER TABLE ONLY public.artist_track
    ADD CONSTRAINT artist_track_pkey PRIMARY KEY (artist_id, track_id);


--
-- TOC entry 3548 (class 2606 OID 16537)
-- Name: genre genre_pkey; Type: CONSTRAINT; Schema: public; Owner: postgres
--

ALTER TABLE ONLY public.genre
    ADD CONSTRAINT genre_pkey PRIMARY KEY (id);


--
-- TOC entry 3550 (class 2606 OID 16544)
-- Name: license license_pkey; Type: CONSTRAINT; Schema: public; Owner: postgres
--

ALTER TABLE ONLY public.license
    ADD CONSTRAINT license_pkey PRIMARY KEY (id);


--
-- TOC entry 3566 (class 2606 OID 16644)
-- Name: playlist playlist_pkey; Type: CONSTRAINT; Schema: public; Owner: postgres
--

ALTER TABLE ONLY public.playlist
    ADD CONSTRAINT playlist_pkey PRIMARY KEY (id);


--
-- TOC entry 3568 (class 2606 OID 16649)
-- Name: playlist_track playlist_track_pkey; Type: CONSTRAINT; Schema: public; Owner: postgres
--

ALTER TABLE ONLY public.playlist_track
    ADD CONSTRAINT playlist_track_pkey PRIMARY KEY (playlist_id, track_id);


--
-- TOC entry 3580 (class 2606 OID 16729)
-- Name: track_audio_feature_extraction_type track_audio_feature_extraction_type_pkey; Type: CONSTRAINT; Schema: public; Owner: postgres
--

ALTER TABLE ONLY public.track_audio_feature_extraction_type
    ADD CONSTRAINT track_audio_feature_extraction_type_pkey PRIMARY KEY (id);


--
-- TOC entry 3582 (class 2606 OID 16734)
-- Name: track_audio_feature track_audio_feature_pkey; Type: CONSTRAINT; Schema: public; Owner: postgres
--

ALTER TABLE ONLY public.track_audio_feature
    ADD CONSTRAINT track_audio_feature_pkey PRIMARY KEY (id);


--
-- TOC entry 3552 (class 2606 OID 16551)
-- Name: track track_pkey; Type: CONSTRAINT; Schema: public; Owner: postgres
--

ALTER TABLE ONLY public.track
    ADD CONSTRAINT track_pkey PRIMARY KEY (id);


--
-- TOC entry 3584 (class 2606 OID 16749)
-- Name: track_segment_audio_feature track_segment_audio_feature_pkey; Type: CONSTRAINT; Schema: public; Owner: postgres
--

ALTER TABLE ONLY public.track_segment_audio_feature
    ADD CONSTRAINT track_segment_audio_feature_pkey PRIMARY KEY (id);


--
-- TOC entry 3592 (class 2606 OID 17760)
-- Name: user_album user_album_pkey; Type: CONSTRAINT; Schema: public; Owner: postgres
--

ALTER TABLE ONLY public.user_album
    ADD CONSTRAINT user_album_pkey PRIMARY KEY (user_id, album_id);


--
-- TOC entry 3600 (class 2606 OID 17847)
-- Name: user_album_rating user_album_rating_pkey; Type: CONSTRAINT; Schema: public; Owner: postgres
--

ALTER TABLE ONLY public.user_album_rating
    ADD CONSTRAINT user_album_rating_pkey PRIMARY KEY (user_id, album_id);


--
-- TOC entry 3594 (class 2606 OID 17781)
-- Name: user_artist user_artist_pkey; Type: CONSTRAINT; Schema: public; Owner: postgres
--

ALTER TABLE ONLY public.user_artist
    ADD CONSTRAINT user_artist_pkey PRIMARY KEY (user_id, artist_id);


--
-- TOC entry 3602 (class 2606 OID 17867)
-- Name: user_artist_rating user_artist_rating_pkey; Type: CONSTRAINT; Schema: public; Owner: postgres
--

ALTER TABLE ONLY public.user_artist_rating
    ADD CONSTRAINT user_artist_rating_pkey PRIMARY KEY (user_id, artist_id);


--
-- TOC entry 3570 (class 2606 OID 17815)
-- Name: user_data user_data_email_key; Type: CONSTRAINT; Schema: public; Owner: postgres
--

ALTER TABLE ONLY public.user_data
    ADD CONSTRAINT user_data_email_key UNIQUE (email);


--
-- TOC entry 3572 (class 2606 OID 16666)
-- Name: user_data user_data_pkey; Type: CONSTRAINT; Schema: public; Owner: postgres
--

ALTER TABLE ONLY public.user_data
    ADD CONSTRAINT user_data_pkey PRIMARY KEY (id);


--
-- TOC entry 3574 (class 2606 OID 17813)
-- Name: user_data user_data_username_key; Type: CONSTRAINT; Schema: public; Owner: postgres
--

ALTER TABLE ONLY public.user_data
    ADD CONSTRAINT user_data_username_key UNIQUE (username);


--
-- TOC entry 3586 (class 2606 OID 16759)
-- Name: user_neural_network_configuration user_neural_network_configuration_pkey; Type: CONSTRAINT; Schema: public; Owner: postgres
--

ALTER TABLE ONLY public.user_neural_network_configuration
    ADD CONSTRAINT user_neural_network_configuration_pkey PRIMARY KEY (id);


--
-- TOC entry 3576 (class 2606 OID 16674)
-- Name: user_playlist_access_level user_playlist_access_level_pkey; Type: CONSTRAINT; Schema: public; Owner: postgres
--

ALTER TABLE ONLY public.user_playlist_access_level
    ADD CONSTRAINT user_playlist_access_level_pkey PRIMARY KEY (id);


--
-- TOC entry 3578 (class 2606 OID 16679)
-- Name: user_playlist user_playlist_pkey; Type: CONSTRAINT; Schema: public; Owner: postgres
--

ALTER TABLE ONLY public.user_playlist
    ADD CONSTRAINT user_playlist_pkey PRIMARY KEY (user_id, playlist_id);


--
-- TOC entry 3604 (class 2606 OID 17888)
-- Name: user_playlist_rating user_playlist_rating_pkey; Type: CONSTRAINT; Schema: public; Owner: postgres
--

ALTER TABLE ONLY public.user_playlist_rating
    ADD CONSTRAINT user_playlist_rating_pkey PRIMARY KEY (user_id, playlist_id);


--
-- TOC entry 3588 (class 2606 OID 17732)
-- Name: user_rating user_rating_pkey; Type: CONSTRAINT; Schema: public; Owner: postgres
--

ALTER TABLE ONLY public.user_rating
    ADD CONSTRAINT user_rating_pkey PRIMARY KEY (id);


--
-- TOC entry 3610 (class 2606 OID 18037)
-- Name: user_recommendation_genre user_recommendation_genre_pkey; Type: CONSTRAINT; Schema: public; Owner: postgres
--

ALTER TABLE ONLY public.user_recommendation_genre
    ADD CONSTRAINT user_recommendation_genre_pkey PRIMARY KEY (user_recommendation_id, genre_id);


--
-- TOC entry 3606 (class 2606 OID 18001)
-- Name: user_recommendation user_recommendation_pkey; Type: CONSTRAINT; Schema: public; Owner: postgres
--

ALTER TABLE ONLY public.user_recommendation
    ADD CONSTRAINT user_recommendation_pkey PRIMARY KEY (id);


--
-- TOC entry 3608 (class 2606 OID 18021)
-- Name: user_recommendation_track user_recommendation_track_pkey; Type: CONSTRAINT; Schema: public; Owner: postgres
--

ALTER TABLE ONLY public.user_recommendation_track
    ADD CONSTRAINT user_recommendation_track_pkey PRIMARY KEY (user_recommendation_id, track_id);


--
-- TOC entry 3596 (class 2606 OID 17801)
-- Name: user_track_history user_track_history_pkey; Type: CONSTRAINT; Schema: public; Owner: postgres
--

ALTER TABLE ONLY public.user_track_history
    ADD CONSTRAINT user_track_history_pkey PRIMARY KEY (user_id, track_id);


--
-- TOC entry 3590 (class 2606 OID 17739)
-- Name: user_track user_track_pkey; Type: CONSTRAINT; Schema: public; Owner: postgres
--

ALTER TABLE ONLY public.user_track
    ADD CONSTRAINT user_track_pkey PRIMARY KEY (user_id, track_id);


--
-- TOC entry 3598 (class 2606 OID 17821)
-- Name: user_track_rating user_track_rating_pkey; Type: CONSTRAINT; Schema: public; Owner: postgres
--

ALTER TABLE ONLY public.user_track_rating
    ADD CONSTRAINT user_track_rating_pkey PRIMARY KEY (user_id, track_id);


--
-- TOC entry 3613 (class 2606 OID 16588)
-- Name: album_artist album_artist_album_id_fkey; Type: FK CONSTRAINT; Schema: public; Owner: postgres
--

ALTER TABLE ONLY public.album_artist
    ADD CONSTRAINT album_artist_album_id_fkey FOREIGN KEY (album_id) REFERENCES public.album(id);


--
-- TOC entry 3614 (class 2606 OID 16593)
-- Name: album_artist album_artist_artist_id_fkey; Type: FK CONSTRAINT; Schema: public; Owner: postgres
--

ALTER TABLE ONLY public.album_artist
    ADD CONSTRAINT album_artist_artist_id_fkey FOREIGN KEY (artist_id) REFERENCES public.artist(id);


--
-- TOC entry 3615 (class 2606 OID 16598)
-- Name: album_artist album_artist_artist_status_id_fkey; Type: FK CONSTRAINT; Schema: public; Owner: postgres
--

ALTER TABLE ONLY public.album_artist
    ADD CONSTRAINT album_artist_artist_status_id_fkey FOREIGN KEY (artist_status_id) REFERENCES public.artist_status(id);


--
-- TOC entry 3616 (class 2606 OID 16608)
-- Name: album_track album_track_album_id_fkey; Type: FK CONSTRAINT; Schema: public; Owner: postgres
--

ALTER TABLE ONLY public.album_track
    ADD CONSTRAINT album_track_album_id_fkey FOREIGN KEY (album_id) REFERENCES public.album(id);


--
-- TOC entry 3617 (class 2606 OID 16613)
-- Name: album_track album_track_track_id_fkey; Type: FK CONSTRAINT; Schema: public; Owner: postgres
--

ALTER TABLE ONLY public.album_track
    ADD CONSTRAINT album_track_track_id_fkey FOREIGN KEY (track_id) REFERENCES public.track(id);


--
-- TOC entry 3618 (class 2606 OID 16623)
-- Name: artist_track artist_track_artist_id_fkey; Type: FK CONSTRAINT; Schema: public; Owner: postgres
--

ALTER TABLE ONLY public.artist_track
    ADD CONSTRAINT artist_track_artist_id_fkey FOREIGN KEY (artist_id) REFERENCES public.artist(id);


--
-- TOC entry 3619 (class 2606 OID 16633)
-- Name: artist_track artist_track_artist_status_id_fkey; Type: FK CONSTRAINT; Schema: public; Owner: postgres
--

ALTER TABLE ONLY public.artist_track
    ADD CONSTRAINT artist_track_artist_status_id_fkey FOREIGN KEY (artist_status_id) REFERENCES public.artist_status(id);


--
-- TOC entry 3620 (class 2606 OID 16628)
-- Name: artist_track artist_track_track_id_fkey; Type: FK CONSTRAINT; Schema: public; Owner: postgres
--

ALTER TABLE ONLY public.artist_track
    ADD CONSTRAINT artist_track_track_id_fkey FOREIGN KEY (track_id) REFERENCES public.track(id);


--
-- TOC entry 3621 (class 2606 OID 16650)
-- Name: playlist_track playlist_track_playlist_id_fkey; Type: FK CONSTRAINT; Schema: public; Owner: postgres
--

ALTER TABLE ONLY public.playlist_track
    ADD CONSTRAINT playlist_track_playlist_id_fkey FOREIGN KEY (playlist_id) REFERENCES public.playlist(id) NOT VALID;


--
-- TOC entry 3622 (class 2606 OID 16655)
-- Name: playlist_track playlist_track_track_id_fkey; Type: FK CONSTRAINT; Schema: public; Owner: postgres
--

ALTER TABLE ONLY public.playlist_track
    ADD CONSTRAINT playlist_track_track_id_fkey FOREIGN KEY (track_id) REFERENCES public.track(id) NOT VALID;


--
-- TOC entry 3626 (class 2606 OID 16740)
-- Name: track_audio_feature track_audio_feature_track_audio_feature_extraction_type_id_fkey; Type: FK CONSTRAINT; Schema: public; Owner: postgres
--

ALTER TABLE ONLY public.track_audio_feature
    ADD CONSTRAINT track_audio_feature_track_audio_feature_extraction_type_id_fkey FOREIGN KEY (track_audio_feature_extraction_type_id) REFERENCES public.track_audio_feature_extraction_type(id);


--
-- TOC entry 3627 (class 2606 OID 16735)
-- Name: track_audio_feature track_audio_feature_track_id_fkey; Type: FK CONSTRAINT; Schema: public; Owner: postgres
--

ALTER TABLE ONLY public.track_audio_feature
    ADD CONSTRAINT track_audio_feature_track_id_fkey FOREIGN KEY (track_id) REFERENCES public.track(id);


--
-- TOC entry 3611 (class 2606 OID 16557)
-- Name: track track_license_id_fkey; Type: FK CONSTRAINT; Schema: public; Owner: postgres
--

ALTER TABLE ONLY public.track
    ADD CONSTRAINT track_license_id_fkey FOREIGN KEY (license_id) REFERENCES public.license(id);


--
-- TOC entry 3612 (class 2606 OID 16552)
-- Name: track track_primary_genre_id_fkey; Type: FK CONSTRAINT; Schema: public; Owner: postgres
--

ALTER TABLE ONLY public.track
    ADD CONSTRAINT track_primary_genre_id_fkey FOREIGN KEY (primary_genre_id) REFERENCES public.genre(id);


--
-- TOC entry 3628 (class 2606 OID 16750)
-- Name: track_segment_audio_feature track_segment_audio_feature_track_audio_feature_id_fkey; Type: FK CONSTRAINT; Schema: public; Owner: postgres
--

ALTER TABLE ONLY public.track_segment_audio_feature
    ADD CONSTRAINT track_segment_audio_feature_track_audio_feature_id_fkey FOREIGN KEY (track_audio_feature_id) REFERENCES public.track_audio_feature(id);


--
-- TOC entry 3633 (class 2606 OID 17766)
-- Name: user_album user_album_album_id_fkey; Type: FK CONSTRAINT; Schema: public; Owner: postgres
--

ALTER TABLE ONLY public.user_album
    ADD CONSTRAINT user_album_album_id_fkey FOREIGN KEY (album_id) REFERENCES public.album(id);


--
-- TOC entry 3642 (class 2606 OID 17853)
-- Name: user_album_rating user_album_rating_album_id_fkey; Type: FK CONSTRAINT; Schema: public; Owner: postgres
--

ALTER TABLE ONLY public.user_album_rating
    ADD CONSTRAINT user_album_rating_album_id_fkey FOREIGN KEY (album_id) REFERENCES public.album(id);


--
-- TOC entry 3643 (class 2606 OID 17848)
-- Name: user_album_rating user_album_rating_user_id_fkey; Type: FK CONSTRAINT; Schema: public; Owner: postgres
--

ALTER TABLE ONLY public.user_album_rating
    ADD CONSTRAINT user_album_rating_user_id_fkey FOREIGN KEY (user_id) REFERENCES public.user_data(id);


--
-- TOC entry 3644 (class 2606 OID 17858)
-- Name: user_album_rating user_album_rating_user_rating_id_fkey; Type: FK CONSTRAINT; Schema: public; Owner: postgres
--

ALTER TABLE ONLY public.user_album_rating
    ADD CONSTRAINT user_album_rating_user_rating_id_fkey FOREIGN KEY (user_rating_id) REFERENCES public.user_rating(id);


--
-- TOC entry 3634 (class 2606 OID 17761)
-- Name: user_album user_album_user_id_fkey; Type: FK CONSTRAINT; Schema: public; Owner: postgres
--

ALTER TABLE ONLY public.user_album
    ADD CONSTRAINT user_album_user_id_fkey FOREIGN KEY (user_id) REFERENCES public.user_data(id);


--
-- TOC entry 3635 (class 2606 OID 17787)
-- Name: user_artist user_artist_artist_id_fkey; Type: FK CONSTRAINT; Schema: public; Owner: postgres
--

ALTER TABLE ONLY public.user_artist
    ADD CONSTRAINT user_artist_artist_id_fkey FOREIGN KEY (artist_id) REFERENCES public.artist(id);


--
-- TOC entry 3645 (class 2606 OID 17873)
-- Name: user_artist_rating user_artist_rating_artist_id_fkey; Type: FK CONSTRAINT; Schema: public; Owner: postgres
--

ALTER TABLE ONLY public.user_artist_rating
    ADD CONSTRAINT user_artist_rating_artist_id_fkey FOREIGN KEY (artist_id) REFERENCES public.artist(id);


--
-- TOC entry 3646 (class 2606 OID 17868)
-- Name: user_artist_rating user_artist_rating_user_id_fkey; Type: FK CONSTRAINT; Schema: public; Owner: postgres
--

ALTER TABLE ONLY public.user_artist_rating
    ADD CONSTRAINT user_artist_rating_user_id_fkey FOREIGN KEY (user_id) REFERENCES public.user_data(id);


--
-- TOC entry 3647 (class 2606 OID 17878)
-- Name: user_artist_rating user_artist_rating_user_rating_id_fkey; Type: FK CONSTRAINT; Schema: public; Owner: postgres
--

ALTER TABLE ONLY public.user_artist_rating
    ADD CONSTRAINT user_artist_rating_user_rating_id_fkey FOREIGN KEY (user_rating_id) REFERENCES public.user_rating(id);


--
-- TOC entry 3636 (class 2606 OID 17782)
-- Name: user_artist user_artist_user_id_fkey; Type: FK CONSTRAINT; Schema: public; Owner: postgres
--

ALTER TABLE ONLY public.user_artist
    ADD CONSTRAINT user_artist_user_id_fkey FOREIGN KEY (user_id) REFERENCES public.user_data(id);


--
-- TOC entry 3629 (class 2606 OID 17990)
-- Name: user_neural_network_configuration user_neural_network_configura_track_audio_feature_extracti_fkey; Type: FK CONSTRAINT; Schema: public; Owner: postgres
--

ALTER TABLE ONLY public.user_neural_network_configuration
    ADD CONSTRAINT user_neural_network_configura_track_audio_feature_extracti_fkey FOREIGN KEY (track_audio_feature_extraction_type_id) REFERENCES public.track_audio_feature_extraction_type(id) NOT VALID;


--
-- TOC entry 3630 (class 2606 OID 16760)
-- Name: user_neural_network_configuration user_neural_network_configuration_user_id_fkey; Type: FK CONSTRAINT; Schema: public; Owner: postgres
--

ALTER TABLE ONLY public.user_neural_network_configuration
    ADD CONSTRAINT user_neural_network_configuration_user_id_fkey FOREIGN KEY (user_id) REFERENCES public.user_data(id);


--
-- TOC entry 3623 (class 2606 OID 16690)
-- Name: user_playlist user_playlist_access_level_id_fkey; Type: FK CONSTRAINT; Schema: public; Owner: postgres
--

ALTER TABLE ONLY public.user_playlist
    ADD CONSTRAINT user_playlist_access_level_id_fkey FOREIGN KEY (access_level_id) REFERENCES public.user_playlist_access_level(id);


--
-- TOC entry 3624 (class 2606 OID 16685)
-- Name: user_playlist user_playlist_playlist_id_fkey; Type: FK CONSTRAINT; Schema: public; Owner: postgres
--

ALTER TABLE ONLY public.user_playlist
    ADD CONSTRAINT user_playlist_playlist_id_fkey FOREIGN KEY (playlist_id) REFERENCES public.playlist(id);


--
-- TOC entry 3648 (class 2606 OID 17894)
-- Name: user_playlist_rating user_playlist_rating_playlist_id_fkey; Type: FK CONSTRAINT; Schema: public; Owner: postgres
--

ALTER TABLE ONLY public.user_playlist_rating
    ADD CONSTRAINT user_playlist_rating_playlist_id_fkey FOREIGN KEY (playlist_id) REFERENCES public.playlist(id);


--
-- TOC entry 3649 (class 2606 OID 17889)
-- Name: user_playlist_rating user_playlist_rating_user_id_fkey; Type: FK CONSTRAINT; Schema: public; Owner: postgres
--

ALTER TABLE ONLY public.user_playlist_rating
    ADD CONSTRAINT user_playlist_rating_user_id_fkey FOREIGN KEY (user_id) REFERENCES public.user_data(id);


--
-- TOC entry 3650 (class 2606 OID 17899)
-- Name: user_playlist_rating user_playlist_rating_user_rating_id_fkey; Type: FK CONSTRAINT; Schema: public; Owner: postgres
--

ALTER TABLE ONLY public.user_playlist_rating
    ADD CONSTRAINT user_playlist_rating_user_rating_id_fkey FOREIGN KEY (user_rating_id) REFERENCES public.user_rating(id);


--
-- TOC entry 3625 (class 2606 OID 16680)
-- Name: user_playlist user_playlist_user_id_fkey; Type: FK CONSTRAINT; Schema: public; Owner: postgres
--

ALTER TABLE ONLY public.user_playlist
    ADD CONSTRAINT user_playlist_user_id_fkey FOREIGN KEY (user_id) REFERENCES public.user_data(id);


--
-- TOC entry 3656 (class 2606 OID 18043)
-- Name: user_recommendation_genre user_recommendation_genre_genre_id_fkey; Type: FK CONSTRAINT; Schema: public; Owner: postgres
--

ALTER TABLE ONLY public.user_recommendation_genre
    ADD CONSTRAINT user_recommendation_genre_genre_id_fkey FOREIGN KEY (genre_id) REFERENCES public.genre(id);


--
-- TOC entry 3657 (class 2606 OID 18038)
-- Name: user_recommendation_genre user_recommendation_genre_user_recommendation_id_fkey; Type: FK CONSTRAINT; Schema: public; Owner: postgres
--

ALTER TABLE ONLY public.user_recommendation_genre
    ADD CONSTRAINT user_recommendation_genre_user_recommendation_id_fkey FOREIGN KEY (user_recommendation_id) REFERENCES public.user_recommendation(id);


--
-- TOC entry 3654 (class 2606 OID 18027)
-- Name: user_recommendation_track user_recommendation_track_track_id_fkey; Type: FK CONSTRAINT; Schema: public; Owner: postgres
--

ALTER TABLE ONLY public.user_recommendation_track
    ADD CONSTRAINT user_recommendation_track_track_id_fkey FOREIGN KEY (track_id) REFERENCES public.track(id);


--
-- TOC entry 3655 (class 2606 OID 18022)
-- Name: user_recommendation_track user_recommendation_track_user_recommendation_id_fkey; Type: FK CONSTRAINT; Schema: public; Owner: postgres
--

ALTER TABLE ONLY public.user_recommendation_track
    ADD CONSTRAINT user_recommendation_track_user_recommendation_id_fkey FOREIGN KEY (user_recommendation_id) REFERENCES public.user_recommendation(id);


--
-- TOC entry 3651 (class 2606 OID 18002)
-- Name: user_recommendation user_recommendation_user_id_fkey; Type: FK CONSTRAINT; Schema: public; Owner: postgres
--

ALTER TABLE ONLY public.user_recommendation
    ADD CONSTRAINT user_recommendation_user_id_fkey FOREIGN KEY (user_id) REFERENCES public.user_data(id);


--
-- TOC entry 3652 (class 2606 OID 18007)
-- Name: user_recommendation user_recommendation_user_neural_network_configuration_id_fkey; Type: FK CONSTRAINT; Schema: public; Owner: postgres
--

ALTER TABLE ONLY public.user_recommendation
    ADD CONSTRAINT user_recommendation_user_neural_network_configuration_id_fkey FOREIGN KEY (user_neural_network_configuration_id) REFERENCES public.user_neural_network_configuration(id);


--
-- TOC entry 3653 (class 2606 OID 18012)
-- Name: user_recommendation user_recommendation_user_rating_id_fkey; Type: FK CONSTRAINT; Schema: public; Owner: postgres
--

ALTER TABLE ONLY public.user_recommendation
    ADD CONSTRAINT user_recommendation_user_rating_id_fkey FOREIGN KEY (user_rating_id) REFERENCES public.user_rating(id);


--
-- TOC entry 3637 (class 2606 OID 17807)
-- Name: user_track_history user_track_history_track_id_fkey; Type: FK CONSTRAINT; Schema: public; Owner: postgres
--

ALTER TABLE ONLY public.user_track_history
    ADD CONSTRAINT user_track_history_track_id_fkey FOREIGN KEY (track_id) REFERENCES public.track(id);


--
-- TOC entry 3638 (class 2606 OID 17802)
-- Name: user_track_history user_track_history_user_id_fkey; Type: FK CONSTRAINT; Schema: public; Owner: postgres
--

ALTER TABLE ONLY public.user_track_history
    ADD CONSTRAINT user_track_history_user_id_fkey FOREIGN KEY (user_id) REFERENCES public.user_data(id);


--
-- TOC entry 3639 (class 2606 OID 17832)
-- Name: user_track_rating user_track_rating_track_id_fkey; Type: FK CONSTRAINT; Schema: public; Owner: postgres
--

ALTER TABLE ONLY public.user_track_rating
    ADD CONSTRAINT user_track_rating_track_id_fkey FOREIGN KEY (track_id) REFERENCES public.track(id) NOT VALID;


--
-- TOC entry 3640 (class 2606 OID 17827)
-- Name: user_track_rating user_track_rating_user_id_fkey; Type: FK CONSTRAINT; Schema: public; Owner: postgres
--

ALTER TABLE ONLY public.user_track_rating
    ADD CONSTRAINT user_track_rating_user_id_fkey FOREIGN KEY (user_id) REFERENCES public.user_data(id) NOT VALID;


--
-- TOC entry 3641 (class 2606 OID 17837)
-- Name: user_track_rating user_track_rating_user_rating_id_fkey; Type: FK CONSTRAINT; Schema: public; Owner: postgres
--

ALTER TABLE ONLY public.user_track_rating
    ADD CONSTRAINT user_track_rating_user_rating_id_fkey FOREIGN KEY (user_rating_id) REFERENCES public.user_rating(id) NOT VALID;


--
-- TOC entry 3631 (class 2606 OID 17745)
-- Name: user_track user_track_track_id_fkey; Type: FK CONSTRAINT; Schema: public; Owner: postgres
--

ALTER TABLE ONLY public.user_track
    ADD CONSTRAINT user_track_track_id_fkey FOREIGN KEY (track_id) REFERENCES public.track(id);


--
-- TOC entry 3632 (class 2606 OID 17740)
-- Name: user_track user_track_user_id_fkey; Type: FK CONSTRAINT; Schema: public; Owner: postgres
--

ALTER TABLE ONLY public.user_track
    ADD CONSTRAINT user_track_user_id_fkey FOREIGN KEY (user_id) REFERENCES public.user_data(id);


-- Completed on 2024-06-11 02:19:14 +07

--
-- PostgreSQL database dump complete
--

